,X_0,X_1,X_2,X_3,X_4,X_5,X_6,X_7,X_8,X_9,X_10,X_11,X_12,X_13,X_14,X_15,X_16,X_17,X_18,X_19,X_20,X_21,X_22,X_23,X_24,X_25,X_26,X_27,X_28,X_29,X_30,X_31,X_32,X_33,X_34,X_35,X_36,X_37,X_38,X_39,X_40,X_41,X_42,X_43,X_44,X_45,X_46,X_47,X_48,X_49,X_50,X_51,X_52,X_53,X_54,X_55,X_56,X_57,X_58,X_59,X_60,X_61,X_62,X_63,X_64,X_65,X_66,X_67,X_68,X_69,X_70,X_71,X_72,X_73,X_74,X_75,X_76,X_77,X_78,X_79,X_80,X_81,X_82,X_83,X_84,X_85,X_86,X_87,X_88,X_89,X_90,X_91,X_92,X_93,X_94,X_95,X_96,X_97,X_98,X_99,Y
0,-0.43186492802928417,-2.094209844264484,-1.319219417231689,-0.1770228475657534,-1.1365306630591883,1.2682126283999813,-1.5847155697917295,0.9604327627069941,-1.138537522126433,-0.25624791664297747,-0.5554152076414409,0.9338429259952067,0.19414713801130548,-0.022512003436364312,-0.8902946942507215,0.6239205689688703,0.8283566481711974,-0.4916502028202812,-1.3015153267478012,0.44753072109363257,-0.7533090468545082,-0.8685083661499248,0.007510185910638622,1.3846362930321183,0.7334134194700724,-0.9882071545268281,0.15005073531613705,-0.27939484545043736,-0.7176557174979654,-1.4396077684707407,0.25113394739090955,2.5171703293569028,0.19678511809962804,-0.18391474755130155,-0.18104932102300805,0.15609611689396527,-1.1349642091413368,-0.24148063411430876,-0.9509017280576691,0.43889742578559376,-0.19837401035670377,0.2055261030015027,0.07325697427268653,0.5448804017448335,0.5407524902288728,0.26448211414089273,-1.079718355548439,1.533034588772136,-0.11991666208843871,-0.269127290533269,1.3344277412002317,0.7795074385457098,0.36918155590111357,-1.3681517113015171,-1.780680240141245,0.1573918932162703,-0.08497216500713757,-0.4874802227427854,-0.2539619369636656,-0.025137225615748413,0.21973321901091913,1.0124539253112244,-0.5356874581708206,-0.1503026904359651,0.2106720291941059,1.6384802537425323,0.1846372337677989,0.06140988817275527,0.2881616096883072,0.6440198942636871,0.09388217834487717,0.22485898112859998,0.7289894989983031,0.41642228289096633,-0.6151767083124255,-0.3794781291567934,-0.48630149911277415,-0.43567972160875895,0.3475453334743637,-0.07231515282831197,1.2457303739254832,1.0181369714471873,1.7639884801134609,-0.0034803807185251738,0.4015667603763027,-0.7130360228079943,1.96796124555401,0.5939572430454049,0.9527506026142931,-1.7718533525488092,1.086989533450281,0.5446209318003461,1.0905777550830391,-1.2247594312016863,-1.3830230297275004,-1.27633586987371,0.7111732650791598,1.3616062705902547,0.9047374494043091,0.7696431555656376,-0.3384403280262467
1,1.3086896524305136,1.2746112630419226,0.14165040516023242,-1.208453239669054,1.4596782344964008,-1.3318685701306145,1.6215848710576224,0.0926246153047879,-0.1787101068940535,-1.1182860606330893,0.1648683077282036,0.8510023030501139,0.9075322447343671,0.8224002250625339,-0.4454001808234239,-1.8243331297531122,-1.4960798601215912,-1.1638083469978804,0.36189119024397176,0.9632881299641597,1.9664459942336174,-0.33488845740903894,1.6111591615670557,0.4595914565433278,1.3457442345815072,-1.6382056904192877,0.8514017401853791,-0.6967488730456876,-0.4063265572272244,-0.12234725925399466,-0.40033394964620395,-0.03976202901329217,-0.36133288558579285,-1.8278492187959523,0.8156886655397523,-0.9235349974646324,0.2796934207656691,-1.776043830336338,-0.5912852462114615,1.476005322127611,0.37286823694287835,-1.0062819855649106,-0.19446367970388592,-0.7786580689968953,-0.208638803203646,1.3582952006529507,0.16340027163118315,-0.8331804710203297,0.19030300730095973,0.17552001094494346,-0.5768647005922215,0.04608144883612631,-1.4161706328624954,-1.0644910003654464,0.9641539635831468,-0.5502804450653292,0.4451779281903749,-0.3544909627010048,-0.0771109875037641,-1.1240185162356353,0.12568968790338458,-1.4833847385417733,-0.5869287036596624,-0.08047224465178575,-1.5787682173969988,1.451969548198269,0.613856540609872,-0.1825059932103191,0.24625886944136355,-0.3692656085982325,-1.884178675901943,0.9734372227017631,2.623008534127281,-0.7506492988995548,-0.6297345983229262,-0.7627534243596876,-0.8143014766571091,0.14508196770290482,0.07397070401579121,-0.1130479682352048,-0.5727562943542545,-0.27290992218262394,-0.9456603742977896,-0.19453733651998623,-0.960564281477014,0.003954067271947174,0.5338193476980858,-0.9533042823127057,1.0000038729796925,0.3880553682860501,1.0074516905758517,-0.6510958320231774,-0.7394745620113606,-0.6323044072501529,-1.4656441689617363,-0.15295268572382922,-0.9175883511602909,0.4507766595280305,1.7148229730363898,1.3581015113502322,0.6106693557799285
2,2.9040301686570773,0.2958744698820045,-1.1121993549371145,0.3179598832685271,-0.6872696845830015,0.9564825710107796,-0.03755189739670856,-1.1060601236502003,1.3651067125080127,-0.8694421353588963,1.1791163630227672,-0.38407501405648375,1.0744600223653655,0.08418092461261113,-0.2198607566696947,0.18950897588625445,0.7486871026868382,0.20530982812308618,1.399029722467378,-0.5920078970947342,-1.010588323631015,0.481731258767117,-1.2723746130887421,-0.6798387356957897,-0.9021258167610419,0.6623704845908345,1.211162057783736,-2.848482439772487,0.037828447168299875,-0.7440890665258847,-0.48142506504126986,-0.523316706793129,0.09454599919606578,0.6178054267888188,-0.32165043802787363,-1.0226822780995681,0.9621015913140794,-2.0414805560696236,-0.18552378572133593,-0.1305189060525871,-0.7177355175719139,0.18787475266740564,-1.130128016995414,1.3824129429785421,0.8743126653292708,0.9244809037917524,-0.30657596438168233,0.9566950866050509,1.2734191973421174,0.5944868022120684,-1.3111074334457118,-0.5556915624050053,0.09068693161267671,-1.2829016218775147,-0.19985517975495418,0.01621811424396334,-1.3573762737790878,0.9436651645875611,-2.006956975053552,0.2714438235600019,0.7159851821430118,0.6660636633880406,1.39547717215092,0.8390431176156553,0.43134425900847917,-0.5350715431178449,2.2213579905570313,1.5985132075920925,0.675331504508556,0.45254379093261743,0.17188069343811663,0.11602557665791975,1.714909251183131,0.3651824896468235,1.2430882692467033,0.30561783749000043,0.01748601237921022,-1.2181308944833893,2.3941490395936667,0.4566785867448292,-0.7621562079297973,1.438148235591223,-0.8061486746722529,-1.090320908019224,2.480288782337185,0.8683756623535274,0.9329859105490705,-0.47057320278630144,-1.3493246629188134,-0.7944629361415628,-0.01926466089005529,0.4106464442757314,1.452336961811372,-0.020228894463847683,-0.9551203334141752,0.7127931315509414,0.44105718204517014,-1.7454216907625373,-0.377509920138573,2.519095326758737,-1.4030160041523296
3,0.22899570369274136,2.7660019477519486,0.07311999773166715,0.2140056449537982,-0.9530338774013705,-2.383326726133038,0.9917273596259842,0.9276420992945759,0.23369019770652644,0.04746705255141122,0.3371868911874356,1.5359429708672385,0.9541289655849963,1.1462364921987382,-0.8563003068747795,0.22563770597721156,-0.5856291394538643,0.3597463422479117,0.775351336798757,1.4825252398772408,-0.8661847205981312,-1.2451460259489378,0.4503206917729742,0.01463274518736903,-0.6202655372701575,1.6945211983428223,-1.015777160760677,-2.5162030966423394,-0.6001646285887965,0.1370751071730734,0.47891419172785366,-0.6925227458460504,0.35010113085408723,0.5984038815278427,-0.376702434207438,-1.407861059271346,-0.6318460115404565,-0.46798435157686896,0.43042098952129454,-0.7149722602954176,-2.4390221322465906,1.3049640696947618,-0.8312915561243823,-0.8548143373695962,-0.17893319809295694,0.8886922752287226,-0.47436569627521374,-0.7002001155214361,-0.94900177166898,-0.6895096047942718,0.964053581594227,-1.0173595007113752,-0.03254276643277803,1.8416463061475725,1.2401334897166332,-0.22256274033435872,-0.007024099029225847,-2.3310068454805264,-0.6946612335643215,-1.2411901098429647,-0.7319939226882268,0.6121633659949202,0.8225743395266513,1.0386387392791339,-0.5609100740408269,0.643093787662903,1.1224042555278224,-0.165097217380274,0.04107998846481488,0.6483520056937132,-0.349748704297052,-0.8208913890163442,0.704276340592975,0.028753760707295004,-0.31476313889367624,1.589298631821915,-0.6057621775187224,0.5945622985165867,1.5324983643200774,0.8339658605077275,-1.1465169277142209,1.928623621987923,0.10412901310734034,-0.408262413970511,-0.2303576810306749,0.44905361911242475,-0.5181337433456017,0.41401077782396484,1.1151432905931067,0.5770856586800065,-0.24287639522349533,-0.10341571435590793,1.5276394730039988,0.8303147506873718,1.4060348632175566,-0.19800239253708146,-0.9773618199882717,0.47947638881304966,-1.5421598876355138,-1.6537240770696866,0.83746104241379
4,-0.35594249957581225,-1.1570691470937626,0.9106559372534898,1.6383805487641365,0.232352042483864,-0.7249517176371875,-0.8952227293080838,1.0640712263123124,-0.3614782455863113,0.3259133474126693,0.348873012319395,0.08420827005728777,-0.9405008133832384,0.29523829624617964,-1.109738576295046,1.5969129851796915,-1.1030909315114414,0.431211519627044,-0.6701256637066743,0.22574198295716724,-0.991968694130939,-1.3657459196432502,-0.592275204354328,-1.533605676723551,1.4375447701533257,-1.4565952659040322,0.506772552505748,0.6268271554510718,0.4141441541424548,2.5239163251423107,-0.146966474321454,-0.3358642144176173,2.514286407155636,0.16116822603275,-0.8851159398014942,-1.243662730800525,-2.2230053869615705,0.42856956557659187,-0.5352047476573396,0.24920932835180792,2.344372858325477,0.6772596726763104,-0.8169922297578133,0.9646620483678245,0.3455517133691728,1.0390267147926155,-0.7936267261258733,0.2570843334128221,0.22134692988438667,0.5772074894078623,1.2557519051501882,-1.0316012443246385,-0.8475437877750143,-0.5947330213500627,0.8195074138105629,0.14898836199989887,1.6949073876425194,2.159578269136229,-0.337463084117626,-0.9514719834671568,-0.9639185921574842,-0.04245986491539704,0.46500273909759543,-0.7695849498569456,1.1208334879105972,1.8298428291458866,0.23202151535385473,0.9992192409554971,-0.829867876032243,1.097569422496599,0.06608832031884657,-0.9831812249252192,0.4060823647574423,0.046067998330264696,0.6105294316569856,0.1132283134539367,-1.0149643149449958,1.2603274318920104,-0.8552121436675827,-0.0022360635676364213,0.338659360794259,-1.208760825381074,0.025808305940820432,-0.09645415886626778,1.9231709912001473,2.0248561973355006,2.5645174500796704,0.9553274859254963,-0.11355589093360413,-0.42101242047307036,-0.3449873980119189,1.8635187267908448,0.4806910126879688,0.20022744180491606,0.32352515557320033,0.4051666043377361,-1.0946010701210178,1.3181801503543278,-0.12273636357951755,-0.508479498633996,2.0419326777887843
5,0.003037481138149972,0.9227761571966028,1.8433654151354935,-0.9525895092547491,-0.3733280806115616,-1.3945207241534663,0.7026434513730572,-0.6660560400417279,-1.0349789642829659,1.1820433066630593,2.658115792158281,-0.5045834032845369,2.3852679332260673,-0.7071419573903421,2.9337504827030183,-0.3135085389247965,-0.007287626337483676,-1.1217841064721852,1.0067532838928883,1.872292623569107,0.3919872016623396,1.0826426327116876,1.780125343801449,0.6139520546837282,1.6566503122743192,1.3882241214557234,0.9481202491893236,-0.10332650956339051,0.3298942273272393,1.0968014900132808,1.213127480397364,-0.9392651221509836,-0.10825748046415146,-0.40273706352376215,1.9397773595635082,-2.2122499904273076,1.8010699523429594,-0.15754742278720138,-0.7497832764799703,-0.4760484993217298,-1.733645437369242,-2.6299196980869812,0.08730498886719468,-0.1864111540312532,2.242601711322779,-1.3065438901561988,-0.6029260225506925,0.14745933545927034,0.594702990600271,0.3537664654718119,1.1629805247483107,0.3149237195692384,1.0462544175619837,-0.8086175047872702,-2.0646054329663865,0.023416767995783006,0.2101723879629145,-0.7899703571170424,0.7322316379169075,-0.09951653413808295,2.0859035020329912,0.5468783898498082,2.849964233603057,1.1475834069373376,-0.9580479099330058,0.008333692743932386,0.7935165794521549,0.7566660948269236,0.893292705456657,-0.52724359826327,-0.28242106212151125,-1.1217197934056287,-1.0419776981075786,-0.7597874109419438,0.6632629973286055,1.9742432208024576,2.4409660686806864,-0.31422348718046067,-1.393465087973529,-0.8296842918540899,-1.4356355887664887,0.4959643446424856,-0.3270777069384582,-0.9916640905173995,0.0560713664875057,-0.5214024424239713,0.2549904566947707,-0.7395861212310083,0.17310474293314532,0.04576304851340762,-1.4166133197068185,-1.61545309536388,-0.630124231537136,-0.7638467996368582,1.3522349318662776,-1.0228187971097709,0.858791834174454,0.33008033055401004,0.13115344077683028,-1.8941583629553695,1.530561220659863
6,0.45774071289464874,-2.0939705805960243,0.24525773403161205,0.6199454868792977,0.4480867304481731,0.059625856727421406,-1.807028871678741,-0.06927947439620198,1.4119827657947688,-1.8071368805579429,0.16784383727870492,-0.024159630566084767,1.4653345827031417,1.33842862746216,0.9025093696115475,-0.17501159177191297,1.3853494177019599,-0.7403330410700941,1.0029859149585632,0.19078774425581238,-0.20773543885244208,-1.5194302555269916,1.364250157261903,-2.9457907770031624,-1.1814395116113992,-0.33904023831088814,0.2411231662355379,0.030905111920144824,-0.0018197412211309438,0.060218763218501274,-0.16830094724242506,0.8285041807314252,-0.8576311031088172,1.0978136112346333,-0.9009029126207091,0.5422620471373538,1.638518282631378,-0.04655928434036835,-0.9581370347871009,0.0919968825633669,1.3087478710510654,0.7633620062243188,0.25017658301432866,1.6627856779795986,0.9443371303202064,-0.43072629868401385,-1.4011186840136305,0.6712694433954013,-2.000253671025858,-0.1721016818818842,0.31562933549714667,0.5733608131007321,-1.2280494082809827,0.967294011603247,-0.4053129940856774,-0.5189345854750628,2.4119375657397573,-1.5591610438144425,0.40115930745072353,-0.6286287990811785,-1.7991466156500857,-1.024174547496736,-0.29215125603687975,0.053283925014458715,-1.1036560818132857,0.11789601341285653,-0.4780025045687621,2.1230597904887314,-2.1809129632363624,0.0370026753055399,0.7913691472456358,1.332492543755701,-0.08033784286727168,-0.13454389201117647,1.8069621483616654,-2.1402257593819147,0.36119420773048533,-1.3781554031574845,0.29735696480616314,0.5328286555589044,-0.83807739624813,-0.9102324082873718,-0.15828351639920502,-0.030079356336967334,-0.8760926860163849,0.5708866342279043,-0.44662903418455147,1.7453082061720246,2.0845584468325695,-0.8621158885682637,-0.16932327717055123,-1.2678022602307992,0.38134625488104323,-0.23514604663650868,-2.63341068344322,-1.4480907257638935,-0.1706786763315036,1.5888812115130704,-1.378648722325374,0.0598763283228828,-0.04735286422788687
7,1.0224412214423708,0.8204044498167294,-0.7100863754834963,-1.326391992141678,-0.16375158295109984,-0.14327114147668107,0.38656880714227587,-0.7462957644211481,-1.4190664730342533,-0.299307885595994,0.709654820679566,-0.9824789124976288,1.792131466760301,-0.42924861171211315,-1.1377925778781743,-0.6333767924284538,1.9956245799265053,1.1512464605048323,0.9701770680674124,-0.08356464768774866,-0.42914220257951574,-1.0937788602421807,0.4303135785486846,-0.9550822909552487,-0.6849903207234306,0.09737643523464153,-0.5203394374411016,-1.7055375544543052,-1.1252053123296786,-0.4821679348450413,2.347650962856133,-0.021376318284774987,0.6901272741241223,0.4538573751675389,0.3785188988726528,-1.2052621133761465,-0.43738341596381247,0.3906805001118395,1.5028265818380198,-0.7906753873005694,0.351805793545634,-1.7600886460423273,-0.23077318549369555,-2.699011374297582,1.3834033504848136,0.6189180187722739,0.7020269995703886,0.10469841404240932,-0.9317169426049036,-0.602657477446969,1.0111577380700882,0.24129137403513434,0.01950991588870798,-0.9253368257527196,1.5152450900401775,-1.6467206074590075,1.230521573556841,0.16081016289190767,1.308345563425875,1.102175428115396,-0.36178720804320375,-1.3784944457442934,0.012520906495134817,2.5520803237713943,-1.5505944831318255,0.22574923381905074,-1.461324210978791,-0.4323011788836512,2.75352459831802,-0.1768255238665276,0.47069729058725046,-0.39404289931698233,-1.0206838630478994,-0.565819976877277,-0.005111899762542267,-0.393142484488315,0.29071672177502567,2.7421512914870783,-1.9815479643713778,0.8349018430567657,-0.4448628695172442,0.03776001459243899,-0.7965240059191084,1.3678297790335923,0.3363415212563874,1.035109237843031,-0.04727616503969969,-0.8576391689587514,-1.706270493636958,0.8054029372563979,-2.2743470788765974,-0.668908510835715,-1.169333690693392,-0.5852888502711826,-1.4195966756721017,-1.576795964346807,-0.5038933329711646,-0.534349262303809,-0.1450921398032324,-0.5293783534923312,-0.5793439648636783
8,-0.30002349258617156,1.5809550423803882,-0.6867885655118194,-1.5061721126260939,1.085990993099817,1.0375354343401098,-2.003131574387439,-1.6956807315190867,0.10013419370186463,-2.9348679143268726,0.1927369756120801,3.098554721232947,-1.031271305687749,-1.9542526773219295,-0.6990430546162315,0.5380183822306807,0.9640006498611211,-1.5366753339790604,-2.2858040078172563,-1.4856531622561753,-0.6799503966528385,1.5043756479835757,1.689807601543314,-0.24067868775417522,1.636544015762668,0.948851651666023,-0.9917706760658567,-0.4193726021683025,0.12956583028714164,1.8492792619788165,-1.3504908370436552,-0.09685067365554714,0.7932891979207458,-0.9506091838304734,-0.04725504986908963,-0.3496041406047791,-0.044202602355733735,1.3813115608555804,0.6060434018238023,-0.35447243521417277,0.8011517466866992,-1.4550968964400595,0.3915708084904063,-0.24267757787061045,-1.3947959205932536,1.1238527685342754,-1.1865514920334574,0.18938363423378368,-1.8627802179415907,-2.5601649371541515,1.686255032235775,0.6100136639475193,0.5808748706182163,-0.05294085897539926,-0.008974732148078443,0.7300485034493042,0.3152828223082302,1.0122707474173949,-0.7683630995117787,0.3568174330284542,-0.026407145520609424,-0.4442042792460913,1.4427592184860452,-0.5850711672357893,0.5335828046397171,-1.7616013848769787,0.7857965474904395,1.8221219418473684,0.9847356708409379,-0.9278248569190364,0.1749453285340362,0.29793098712424454,2.0565047681088147,0.9691202797068073,-2.8316504048570743,-0.1705997151636822,0.28157305306852587,0.7878614676249586,1.4025528476204447,0.012744278406975342,0.4733644578412314,0.6466940403519649,0.0518837891142888,-1.3095772274928459,1.4559092467433064,-1.0398659570202897,-1.0003374053808218,0.9828755901525189,0.5472553119145398,0.03574227876601431,-0.645028097649174,-0.18163715111434506,-0.762617290282305,0.10881264792955551,-0.25384848115919934,0.8075979888045414,-0.7322325845235399,0.9489815886305464,0.933801750666532,-0.6457246291853829,1.6564294328145865
9,0.9942119199890225,0.6471405357640427,-1.246241403595732,-0.33619523456864714,0.36380382518710835,-0.014562558573553784,-0.36188645324599406,-1.7140925038583257,-1.6694065262281061,1.4203866828929876,0.27680643422959966,1.3791272002913846,-0.04503918319132382,-0.09345468830488227,-1.9662793840208879,0.03706502542258245,-0.8356218256009574,0.916069665150277,-0.08808538023134724,0.18969470104996142,0.02662801657428062,-0.9984162660667311,-0.32399275214136314,1.890892660844538,1.195691193134997,-0.070645502420228,0.5180742739514993,-1.4026487916702697,-0.9603817692804024,1.0525534890598636,0.6197282282265356,-1.276082309991697,-0.19034339651040072,0.782330644915619,1.691261830575571,-0.2259339730997697,-1.1983087547145388,0.15835917909142053,-1.501348600763693,0.8972949630418964,0.03032354732079087,-1.7264753039443308,-0.9331826146590813,0.4980475594103845,0.8474973804247878,-0.17959740512261094,0.7801113622213464,0.8160897226845844,-0.7208006974143721,-0.5632434618002728,1.0450768116619993,-0.7675712418437434,0.8385416876171766,0.14663958869477695,1.4541282717062851,-0.8431530084287349,0.1759207108206858,0.3204397432087471,-0.84451512562336,0.8722616090785988,-0.6084984307499592,1.3615396910869266,0.6928356064956456,1.3370781898277575,-1.3113951179068362,0.13795477263648961,0.23946532103220153,-1.234217064287122,0.17208395013526542,0.42394275101438395,0.321010062286227,-0.1954957738282036,0.09513373151375397,0.2227281885362148,0.20704746139839636,-0.42386559739275326,-0.8713807362018222,0.08655367701033527,-0.0362981472122654,-0.7557034586886455,-1.107323456140289,-1.0532106238615648,1.7318212611479862,-0.703290596134158,-1.4189975465262774,-0.5252774844623622,0.7752863182083216,-0.5102122174176432,-1.1024440473481272,-0.3207944629975802,0.7606590435833407,-0.289547337382308,-0.275732688621541,0.6492416245912843,-0.7382766445605512,0.6546340130827301,-1.3431502122585328,-1.772893577822983,0.9058661034439516,-0.0045377198501525004,-0.7462302905063884
10,1.7180034411604415,0.3083984169876411,-0.5149199647153578,-1.0757962140856974,-0.9352266197150503,-0.375867091249968,-0.4808807430149692,-0.6561868821157021,-1.1881034093229736,0.6631889259506162,-0.8709476143225662,1.5877279125894763,-1.342088733668946,0.33352671502694076,-0.7098771816910876,0.22866732623526959,1.343900983928838,-1.589449117103358,0.2361386867493818,0.8388801321568785,-1.7248921950826015,-1.3834896080032184,-1.262133990924553,-0.5639543491216309,0.34262255269597935,-0.1266785631197355,-1.1566452163762144,1.978051807922483,-0.18743320556333856,-1.0332412252637435,-2.0860139600213525,0.010713065069404289,-1.0678564531259067,0.6610163353510818,0.3172987008704395,-1.8144671122580198,-0.21725253619238336,-1.6398598107175488,0.13212408715210774,0.5774820930828318,0.09785992170823353,-1.039523912453231,-0.011155236612731233,-1.5969473423460219,0.19916539573400488,-0.23484016055023885,0.7897633720188512,-0.16734358370210928,1.9330639795689242,0.1898263991879698,-2.330588048093127,-1.0379712417267395,0.8134287703545439,-1.6181154625794627,0.9648538437969445,0.08138151383063617,-0.30389482243691507,-1.4156547801584156,-0.6090676013837049,0.20924843091112091,-0.05708440475719931,0.4775013143795949,-0.35029449169473337,0.12472646572769433,0.2674802554608788,1.693868177938062,1.2042910110116147,-0.5144292131188437,-0.6569817020215736,0.12302119441798871,-0.8880869816525655,0.07505282801408755,-0.6018453256484781,0.588418631381612,-1.333343027363622,-0.7430671822148724,-0.5099226964994501,-0.3580912361859913,0.1266057891490444,0.019940873564307557,-0.8480780863182347,-1.0778119420223367,-1.2853908514072903,-1.3777404753481706,-1.1621114012055191,-1.7576037901333588,2.176181922735235,1.1487900811809901,0.8861248476379303,-0.37820407644882736,1.197956553385138,0.7203899509985355,0.4794461032679345,-0.6055773483842707,-0.9731388310408309,-0.14014398891575353,-0.0323095830861395,-2.820886665164092,-0.13554484156839733,0.09471802218118151,-2.044429355199508
11,-1.3674150039366078,0.8887742335811426,1.1139686979420012,-0.4745067392264329,1.545671574183453,-1.495514491827512,0.5682929470674402,0.028119692256909152,0.5807365202526438,-1.760410813035451,-0.44448565197748496,1.1052407267600532,-0.508847113440992,-0.5743531399991927,-0.4343297729855885,0.27038384316705677,1.0504569340493557,1.261351729917927,-0.05212226269200984,0.18051686167098982,2.191307642156219,0.06854022465263936,1.8960830779263564,-0.22407025644303713,0.8164451763646667,-1.1688622784732643,-0.7097607778161052,0.9811964392522282,0.9073213390955754,-0.5518482213797514,0.3713385207730061,-1.097793337523567,-0.597558462283682,0.9961562578690784,-0.16762589150529478,1.2117469725608025,2.6220840514324695,-0.17286281647590185,1.115720711701085,-0.468377633533015,-0.17557721391943537,0.771509882713955,0.7465882929890633,0.672830546929874,-1.2733080074990153,0.091044414584938,0.8603652954821901,-0.03590037625182981,-0.7077519913280627,-0.3128038094052336,0.38866540785100395,-1.2202857125019944,0.9175235118920099,-0.7253636645194084,0.6379808957112028,1.4077349101236798,0.39465548841038134,0.311696621606908,-1.086903610750136,-1.3583203935630133,-2.081549555830177,0.7017688652802455,-2.2229749495699247,-1.4292981307406714,-0.13702380811218778,-1.520633476868946,1.2375814901981548,1.2694121824716067,0.2083675154371512,2.270906160730882,-0.36575816637738084,0.10051634225712676,0.5647471430150819,0.7909780403006369,0.4505201840988093,0.31768439784838054,-1.9723149513177454,-0.9074351368549612,-2.1841036539782817,-0.4916020677518954,-0.20378498247918433,1.466443797490826,0.4894664810529009,0.9059376812840612,0.2372743720092947,1.7184217427872692,-0.48032217628570617,-0.27712882855956983,1.2679995105127224,-1.38684087271252,1.593872361088859,0.2577720878674153,0.6663042179595072,-0.28133707247482387,-0.3043019271946569,0.398950730069927,-1.1990443816969865,-1.798544097507883,0.377488354028873,-0.353655844906797,2.226688829756031
12,0.4705500659319545,-1.3951793154669465,-0.043726082078352636,-1.2830267189273448,-1.9337845022627291,-0.36980313548597504,-1.1205514596799422,-1.881656922796392,1.6976126959005005,0.6968585085078993,1.1244359497878784,0.3660553614047895,1.0370537249518939,-1.4596563581376265,-0.09200231932785018,0.8850316574353408,-0.3296626381847528,1.536367695298201,-1.5107671205600164,-0.7321886765941529,-1.5325341696395198,0.6029995440931539,0.3564633436175512,-0.25221390762533347,1.5432290730754976,-1.0642472236622254,-1.9257374791426705,0.16182684927168137,-0.14694779155570284,0.028756123738613734,-0.7080415019529569,0.39562580283203136,0.20879003933733353,1.5949792774550138,-0.2893927777872727,0.34313394961647503,-1.04228147192088,-1.0965621621305004,2.04576602675532,-0.05470321776119949,-0.2479447500864274,1.3861295747792866,-0.4777954497594188,-0.2546637726977865,0.3218979231999009,1.2452076396768212,-0.3233276997583687,-1.172746458716649,0.3155108241188818,0.19111162519395666,-0.689555857567214,1.525398130878299,-0.8896161621048133,-0.09841526826551977,0.8445562337981115,-0.19467430362169325,0.039651731248575676,0.12166322716299062,1.2794469331608598,-0.370280309152868,2.287250830776248,0.4430890726892061,-0.4077715410358142,1.4698785512402786,-1.6505783454494671,-1.1977309154692388,-1.0106049548579488,0.97857913816429,-2.3860467262038245,-0.42906526124936545,-0.6897975306871593,0.5185281681452922,1.0727906244264536,-0.001940290391317243,0.11997992598527239,-0.9681662092426818,-0.9898404700021258,1.2827316941553943,-0.7614483285430995,-0.42938618529597045,0.9406622711557635,0.18195782227346705,-0.74216568336996,-0.6876215791310535,-0.4609199536829341,-0.22928205521953526,-0.21086844644524186,-1.4748400606863188,0.8325072401237731,-0.44348384636373883,-0.02874374882116265,-1.1311804309437197,1.2200841849777118,0.49486671925500963,1.1858376142080873,0.47124081809648477,-0.33365885387131544,1.3998887108405154,1.792733441949153,-0.14576662853226918,1.6546527622084246
13,1.5245432765963123,0.6523898123908143,-1.6447180687591876,0.36967917971884245,-0.2168354170407483,-0.7940616059685472,1.1745014411770296,-0.02479620374676369,-1.482364803147969,-0.004921063657046253,0.4113982592938564,1.4717133663406705,-1.0477011478349592,0.6196714821816663,-0.09226010482450665,0.13341571639842262,-0.5102976358935922,-0.8415990895382838,-0.4675189214199121,-0.594358540010418,0.46422384129511673,0.21162449003345185,1.7122026051814132,0.17919117278296884,1.4063121384438788,-0.4080555845159455,-1.1717523480083563,-0.8845583584353499,-1.6785936049682366,-0.02430646381368721,0.6305506808021853,-0.8152415259663756,-1.3978932411916403,0.08622900594967092,-0.5164673056447392,-0.07998066735394349,0.8462086353650737,-0.603642144399919,0.7369958915482221,-0.18749205629591667,0.7826471083640922,0.003686140745727638,-1.2052064585757243,-0.24419048475742156,-1.478804290253914,0.2753964655887902,-0.10911255484775338,0.26454288866043013,-0.12124807224470763,0.4742632667816747,-0.46988463717353796,-0.8568883606303097,-1.4112577673244813,1.7355070221372986,0.3241014595559391,-1.9854373481543204,-0.20652096970586503,0.93228655330795,0.9259369473573229,-0.14415357026599057,-0.5501821442372259,-0.7272329585505368,-0.48976857706770216,-0.5136270563144781,0.05701268068203783,1.4094570959829995,-1.327846112115608,-0.5852155474449754,0.017165558640244657,-0.6328037680748985,-1.0517399069839097,1.4244369156160879,0.33132205582320884,1.4209400624666066,0.9725406391112312,-0.7106289392991998,0.2496929895339242,0.3215407848460356,2.249542016276716,0.18747580122110016,0.5515910087883723,-0.42410205115097827,0.1123084274380583,-0.8930238921574117,-1.0639230403095372,-1.3375688576381943,1.4603372447535905,-0.5602714729357566,0.04618530375100645,0.01136301808603799,0.5009193937764325,-1.1457993423642403,1.1240765356247946,0.7531798038136044,0.11493499647997545,1.2032385806044472,0.14147075133927842,0.4593828219679594,-1.218007775185739,0.15591963769491798,-1.883647581002871
14,-0.5564012849236787,0.018772533277809453,-0.7093227831385708,0.6372533751397701,-1.096783403448725,1.0724787194089638,0.85979784759448,-0.6507472944056989,-0.07155419655213367,-0.9576427542013697,0.39394293040408207,-0.015885105994790007,-0.16454285717951797,0.5134221398318366,0.337160547432246,0.3941572712224839,-0.19909130274118647,-0.053397729368951916,-0.18861001983477446,1.8056400817283544,-0.044553860184814505,-1.4163015352765547,0.8333749606479911,0.007250480349219244,-0.4398505443397677,1.0442531112006588,0.7028878622775435,-1.8221635413223483,0.154584477923185,-1.2064080647613928,-0.1517515040113621,-0.25563616060524175,0.9434926752483479,0.049514910520309395,2.023031680482319,0.03894341593843104,-0.44484340326840055,-0.2692767264368688,0.515994410278134,0.6342834484714446,0.4574555593568774,-0.1614871708907037,0.041550745052843466,-0.8805967989612508,-0.2724532929954085,-0.26195215470292876,0.6269209710506857,-0.3615266235666451,-0.23125965655602956,0.8841216569446313,0.7879082732985891,0.3853810423486501,-1.6815114442719625,-1.0905482345730415,-0.938731310953021,0.3217759072479956,0.4504637715667136,2.1731351202357048,0.33938333590560404,0.4292395119883967,-2.2267193064943505,-0.3189474399624108,-1.2836216783043077,0.6419645807277146,-2.285784809494454,0.7124853687672423,-0.07502537547755302,-1.0338628939544328,0.0910918393321307,-0.6706881276462902,-0.17978847766123296,-0.02443207629812845,1.96067676908442,-0.2616128923698485,1.4799075140897975,0.43707055043300763,0.05756879157197911,0.6811829304932775,1.6209473625469824,-1.4612447078586235,-0.7417272913321479,0.09507079264169829,-1.0368711377229343,-0.023134419792763317,-0.5128292076843288,-1.3460480438675924,-1.5187246522954725,0.05871783454335685,-0.21415598507221026,0.5533683195391268,0.9197964057827819,-0.1288070249450752,0.4197199559718017,-0.2367775725510082,-1.4105974301194406,-1.404491621768732,0.45441973946266667,1.101751173951903,-0.550012042277934,-1.0710157350044271,-1.7783122084205285
15,0.3005290472021014,1.4483303795359874,-0.4050771135814709,-2.499831707928688,0.9175262729125957,0.18317172074268373,-0.5184323394225362,-0.581100455898788,0.37905251842493204,-0.814321070355754,0.7834152472253118,-0.5681738632839014,0.7459052331195074,2.8523786209728867,1.3654997236571003,0.5601366864787383,0.3422842020982488,1.1381447000755374,0.29724088990699493,-3.6770689195291713,1.2046507422266326,1.37346764606226,-1.378976398181169,-0.6058096398624875,-0.6450560745275982,0.06178015087796712,-0.21968788711491208,-1.5303373713083066,-0.6932462610718703,0.766751797186756,0.5343671019267104,-0.5309582489834721,1.7822194847130615,2.0878200820264974,0.16585064983367862,-1.716796612481345,-0.7584132912703301,-0.9511719603627926,-0.6027655199040716,1.035107361427616,-1.4746265708713548,0.08995568512100734,-0.027024467254146273,-1.903949750883287,0.4425531228008641,-0.3282628088968906,-0.33592374853875545,0.1384190826927039,0.2332535216127736,0.07710955684258744,0.24165779207310234,0.49324577868195646,-0.9525056649727641,0.20123474342007514,0.6213594384585188,0.03857205254936048,0.7600945679854031,1.2662089487635317,-0.86538964692831,-0.6940864555063606,-1.2327889876767877,-0.9595517431258991,-0.37139697681641454,0.5729995260750557,1.0154673509107939,0.7747318778515551,0.5823565073031284,-0.3259229100706369,-0.1652073614045283,-2.498653026456904,-1.3112142773654794,0.12895466415189194,1.1202527510342475,0.06422839225823912,-1.8105758767191282,0.7182796711180144,1.0330216234239251,0.9695363361670075,2.161884677217082,-1.845451714986741,-0.6844901074499914,-0.4623237479186242,-0.9873607042352759,1.5198219782615632,-1.5005831363001925,1.166632660132999,-0.07687635832892697,0.08086517046594893,-2.016187681229614,-0.7941410877356188,-1.691496187177349,0.2668331813782412,0.02052625698321954,-2.4754691754580405,0.35615050924839203,0.6630678614087292,-0.8720196256998447,0.2582278799549827,0.5256159617559203,1.819148397342632,1.3924312529368543
16,-1.4465336289337931,-0.3424229170827918,-0.2167297993516875,0.41853634098741554,0.6703120673294868,0.15741402613823446,-1.1583352645775593,0.671981049477245,-0.9057565638973915,0.9688429886633231,0.45742174860317103,-0.20483527826204953,0.5613002609489303,-0.03505307753659905,-0.009834805738529902,0.6250190602321465,-0.962457264913539,-0.42241033261099287,0.8405836676923862,0.619037275153897,-1.0862588354725875,-0.09330471825814386,-0.3167948853779842,-0.4502247893442629,0.8941694342477524,-0.2346570833139391,-2.0358294786967486,-0.3229517682673004,2.340562708353181,-0.8826529951286951,0.8048267033944755,-1.143186360789531,-0.8118162156941316,-1.0232675236367104,1.668210070503927,-0.7313723334758371,-1.8391150207498586,-0.7228264225221087,1.1293773581621498,-1.6580028457878075,-1.3290065872658805,-0.46550699189108136,0.4808381210828077,0.05361508471208465,-0.614883748384844,0.49456935238768795,0.7211647161837961,0.3888328526852163,0.5561574063630657,-1.1103532754053915,0.9531963885598203,1.1304892144937273,0.05604826015805122,0.515152019177541,1.4120845748380801,0.4621453521584563,0.985535694412077,-0.6095741541423741,-0.47964531593442306,0.9418152138174429,0.3717359391188107,1.6437846663958466,2.4574700167582018,-0.6956397266334353,0.9298902269913227,-0.6569104495475001,-0.6675698611589693,0.5890891741971147,-1.2723711495042374,-0.5054112973038672,0.3109790472837166,0.47068581418072436,-0.46857248326300743,-1.1901759333498811,-0.46633746269971904,0.22885569978036563,-0.7639845364867142,1.7806857404952443,0.33946195429248543,0.3104578534894103,-1.8121747174444607,0.38751389928325175,-1.0643389877971623,0.7659194563751284,0.65582461159674,-0.7944837902564164,-0.3258803409109643,-1.2894185263652476,-0.6844922688488947,-0.4825907151152126,0.18908435879791466,0.9076552733195195,0.5431250956681372,-0.1853939838387275,-0.9792791995558722,0.4227291037391611,-0.26123356140602383,0.13859065301101017,0.05974134433695781,-1.0699463294356124,-0.16768786123138982
17,0.7826905431778306,0.6429604896014002,0.17713220749439562,-1.1186921134526422,1.7543445807891584,-1.6438746816833694,-1.242062461227997,-0.053015806843168756,-0.20755600226520823,0.2316583520276922,-0.34059169360710256,0.441028853276074,-1.10580723748609,0.1707105794559528,-0.28731109063455806,2.3088686013956448,-0.7791704559582414,-0.0945568806020984,0.5743691613485843,0.7227652402546476,0.879122352465399,-0.30334545107159594,0.0626448324302893,0.4891921979480758,0.07460769544873978,-0.4966343202359251,0.7137566523497175,-1.2311574332789297,0.9224799422016442,-0.7463106115039587,0.09216874937189479,0.09957094863368249,-0.4844623814652913,0.5613471056372366,-1.152737353698106,-0.5029765924438798,1.2705689468733121,0.5052267948148936,-0.4174722356472135,1.167313561039026,0.2575166259627357,-0.4025493919927185,-0.7256982561281344,-0.6935125926597727,-0.3316363772084542,-0.03424995861348231,0.9857552040109964,-1.0426970487883105,-2.056595597872766,0.610626922833845,0.8399409927374606,-0.12475876973182116,0.35808323214425297,-0.03235845809355229,-0.7703060022815902,0.12036438779339405,1.1141823471023595,-0.9925810955553278,-0.8514789466208139,-1.724084022101908,0.1899631448583411,1.8783646495280086,-0.36148651729661696,0.4442435411479171,1.9877669559659994,-0.8613214189615561,-0.16351238383764605,-1.104967960795683,0.4422835917805735,1.9889479369741587,0.07288340369231294,-1.1051227465532494,0.4007662172189046,0.04233095559210307,-0.8640965204292345,-0.042449586512332,-0.3432124311450585,0.42623389537652884,0.5713663456601993,0.5346952266445533,-0.3077243229117307,1.2380589553871324,-1.8307364682427,-0.550693898611035,-0.9124958558254129,-0.21935171863137312,0.061351527882677455,0.42452633722403915,0.34816159522119833,-0.5093683379624709,1.0184508666798964,1.5661799052122944,0.15906670639110018,0.4947525368795212,2.029527207153043,-0.4845839527922862,-1.1120482747676634,0.8926038053800276,-0.7209180826524743,1.30401226549985,-2.489283368805124
18,-1.0522415693667266,-1.00009849441201,0.6052886024068678,0.10764802685735604,1.7752229589605653,-0.9637258581368162,-0.2931026844931057,1.6763302475348276,0.3467177472375479,-0.29908852415937903,0.37007271134390224,0.2918481559183541,2.026613119846398,0.20242598496253628,-0.2878245204856419,-0.3056385589914002,0.601579175116686,0.44704795318266605,-0.1399135690704064,0.3140450665362136,0.7686101236995814,-0.12627167188011024,-0.4649088536407518,-0.7399776082591869,0.1960665450926174,1.7253318875956545,-1.141728234220919,0.07172194078510126,0.21202148905017515,-0.7826332381159383,-0.26884836227740816,-1.1892924004638592,-1.4737446753612053,0.49381947686475947,-0.5575274285585957,0.6784489062483843,-1.8354037224715523,0.9710062523481952,0.3591452255996539,-0.5032925241582267,-0.04516903119041966,-0.4553595438411846,-2.125067118465564,-0.6292117759009971,0.15695862429600205,1.0086353444825191,0.191436800315779,2.0337058289560384,-0.05840441055221442,0.07719343512081493,-0.7625052192502797,0.19370266889432083,0.28615868537055145,-1.638296586341572,-0.8537924085246695,1.5456124031950098,-1.252215534178719,-0.6330820174874606,-0.012007624310356839,0.9522029494256182,0.5331995200410886,1.2920795690030416,0.413834145943705,-0.40508513310618616,0.032405067103248475,-0.14669447734850777,0.4007893635750668,-0.24299481285879468,1.3396077286896955,-0.21741691423940213,-0.8448975161352724,1.3033798255198734,0.310976999005554,0.17579884603152102,0.9535083086545808,-0.1198227579639767,0.8291501439934558,-1.908920054017452,-1.7792027989551984,-0.22396909958875494,-0.42808902803562565,-0.03127227852790563,0.9292021477140483,-0.15661332225543764,1.240787829688576,0.22158183122490263,0.1311038324817581,0.5229492096895482,0.3052023421310169,-2.542079464025823,0.3474998001104643,0.6258252106840699,-0.9427580851826207,0.06918266803210343,-0.4224538856432501,-0.2701030623340416,1.1659273577319957,-1.3024357306932264,-0.31195833176764065,-0.23087125213726958,-0.9579315524672372
19,-0.7397183733299095,-0.9565531473236982,1.3223031510115981,-1.8052654384919258,-0.2667137008029068,0.14558525750359327,-0.7496119837015119,0.5751128141980485,1.3771372233289123,1.065823637294074,-0.424130025715945,-0.39418426259708156,-0.3463023087095097,1.829951818024868,-0.6526312503896601,0.8502469594158188,0.37794762465470405,-0.04632148187282853,1.8590286530190443,2.157936191204123,0.041372228055416495,-1.4844019518436529,-1.9903423626143986,0.8059189167186608,1.2873441558673526,-0.3315425087550089,1.4831767056541185,0.46146445503625166,0.20435371103699776,0.12315421877675227,0.00893722900472726,1.4053336208503207,0.5061174069430743,0.11248163407477006,-2.670749507696728,-1.4904485692656246,-0.797460546226249,0.012510557615217991,-0.38649123448783196,-0.8564039993820721,-0.24791376547068705,-0.4033467378108721,0.10155150474874147,1.879735620807188,0.6798539145161885,0.9684818965903231,-1.1251829383025533,0.7583970516543065,-0.4181188783280881,0.5221243124918493,0.5246978903169891,0.9782721533941598,0.1664083667574581,-0.7913934517503286,-0.4245950088321879,-0.1623191319661638,-0.07163140849917939,0.09761922205618204,0.415693599550252,1.9757071382466982,0.7683446932248374,-1.3272890917753708,-0.11579023209517632,0.018973782582775302,0.2652798156275346,0.4199986413206497,0.7676972780099894,-1.4811962070643405,-0.13270243989902644,0.1114735528697958,-0.15974127669721222,-1.4403876201743264,-2.7556229097780474,0.6157996697021515,0.3211701186471918,-0.6416113924857769,-1.1530585554399662,-0.7899681747776459,0.465315843179972,-1.0030916185818315,0.6277738307575629,-0.8973144956130078,0.19301832072552458,-2.3254087005993624,-0.4478692893994006,-0.30295723009573106,0.7210656703381385,-1.4018856220303653,-0.8525988600208027,-0.9414241734891314,0.12787973728147478,-0.1583992167665875,-1.3313723081862723,-1.6524670180394039,-0.6426692244758294,-0.9579380490929468,0.13982816347993582,0.6583479269592387,0.9140455298848397,0.2014332784552257,3.0623674890664256
20,1.5484575665237008,-1.184369018797553,-0.09523324096934323,1.2289148963209406,1.156577686555565,0.4893295888368105,-0.04529379840753358,1.0624324797425981,-0.4671465158541629,-0.45917320272814477,0.05906889717850211,0.12323508778611461,-0.5309008213663354,-1.5058168935100096,-0.48584598043038285,1.25842284824325,-0.5002029642589563,-0.6767267202119789,0.2642667185529477,2.4676795498091897,-0.5322065627827908,0.06102789491366213,-0.2877864407208971,0.7075698818555809,1.2246434941169528,0.14663824295483066,0.9074459202988059,-0.06511296982086853,-0.5497438460448313,-0.33301333570699393,-2.1628738184577645,0.9138085822053593,-0.6675336069302056,0.10515434306234979,-0.6792512643773734,-0.9659797809348848,0.8059977368918876,-0.93145376522483,-0.28408218916479955,1.0974572379555705,0.517302573763162,0.2759952616905808,0.7889175267824287,-0.9884337358365077,-0.8565048407428729,-0.07797594735357868,0.7840176821564976,0.31551949307403426,0.756853098460469,-0.7423855978150601,-0.41864791583333805,-0.6915111193511894,-0.16108985376983642,2.313004007090642,1.0430239854475851,-0.6618271064139614,0.1594808242794338,-1.5019236476301419,-0.729558069264153,-0.19942746965844435,1.4436170554522756,-0.47623403161634964,0.3640428716791732,-0.17296302776427547,0.7846121731780882,0.29433094467996185,0.3596873871201626,0.7868554229609968,-0.08405692953870794,1.2623511680427115,-0.4859354774334949,1.361064262143377,2.0235043494143414,-1.244146326093228,0.5967094950949504,-0.4825270039053744,-0.5745921363048332,0.5440678191694829,0.6713466959802162,0.33041189792689,-1.0085858429129635,1.3807898457129684,0.26414840723583477,-0.9194624627418061,-0.01819347697181468,0.31754438127683354,-1.0941624721383247,1.0555588235155282,-0.4071784307783795,0.35413207821419823,1.0772645493119084,-0.6461155045109229,-1.6003778799948472,1.1338071913490373,1.0259847837337601,-1.273378112380772,-0.18940020084489376,-0.2014007961186664,1.4699250695846384,-0.20430653431325976,0.14288315097795445
21,-0.20077392579618702,2.6281990606668844,0.18481269452741994,0.30653471041550434,1.3455157613284323,-0.42403939284325964,-0.16428584798074422,1.3545991659286647,-0.7416540866215313,-0.5101680548371725,-0.5389468515206182,-0.6960863118357677,-0.7802635213055242,2.1912072497810673,0.573558681688709,-0.8571618071036796,0.1797632361272161,-0.5850026383024208,-0.07792436347038834,0.5023435596908499,0.15875687197109684,0.03707215869624474,1.0063573204312937,-1.2552778003105578,1.5158775691293203,-2.6521778223358683,-0.153442739418442,-0.9822513032491436,1.06900485538092,0.018327929407526703,-0.8867012239086647,-0.21977862514036384,-1.3896577641965602,-1.8440351982308807,0.1873524774149654,0.38879089865911537,-1.3118173503299095,-0.8178030907020216,1.6738867421919854,-1.489616572359106,1.3557733253439834,0.7875078105237627,0.6959299245171945,-0.38469134541671557,-0.10466884631712799,-0.0403761004598254,0.10282352087770685,-0.2591380598450209,-0.28027538705938765,-0.40263244253239827,0.1165095829044237,-2.0026232123917453,0.0036370218958491287,-1.1816639779365894,0.8551266699705573,1.4108060982074702,1.0530485677072519,0.38927628305495227,0.11014759354904002,-0.08458778311440449,-0.3731682612721192,-0.8242519103142685,0.5003887971956393,-1.2957865497429262,-0.37799382528721337,1.8048760205747603,-0.20391072196435658,0.021886162979850035,1.8851115639108635,0.07077369677461337,-0.14644607847289987,0.516629867709813,-0.7013237980468626,1.2865689464691543,0.39083847119901494,-1.4578578355941982,0.13925738169062077,2.4660867262156225,-0.6000950982374997,-0.5044125632573818,0.4972575591756373,-1.0437865554013093,0.9877787348080556,-0.4717771873726267,0.37602207679618077,-0.14682703882450268,-1.3681364421342943,-0.9146536339808582,0.3225351821866147,0.3050179320737913,0.6930746687606031,-0.9919224730149959,-0.9040571165269479,-0.9940967887902346,-0.5937120653899028,1.044888423735091,-0.22325506696597672,1.6128769096622444,1.4440617338188146,-0.3703671937542929,0.3999409636893154
22,-0.6787026627567074,-1.9171499600403714,0.023047668703689267,-0.10897056661635417,1.3254752422226994,0.572012430372086,1.2915621003630777,-1.346235728276033,1.9476759650815498,-0.320816510018025,0.31235663695260757,-0.48514267131559036,0.20628560853728153,-2.2859424244767763,1.0731008995343305,-0.5003208310878537,0.5917549823791457,1.0586447006444029,0.7636481775124206,0.18037090947799275,1.801193192830632,2.1299608513822497,1.100272340443428,0.19233126003758047,1.22681977475938,0.027502682775564842,1.2534510228999451,0.5631707898585563,0.35058542218574035,-0.14892953575505435,-0.8325629135657174,-1.9544797816157984,0.20245572895940633,-1.1577389739587847,0.6091788660440075,1.3869723839680348,-0.4854009587790682,1.9672932142948427,-1.4046320486620283,-0.2699844337614953,-0.9163753864042026,0.8779808810533117,0.12042424890274372,-1.2756836275951815,1.563892147688245,-1.7147419198030147,-1.0744405051560704,1.5015691998804293,-0.9596209023719805,-0.539345396700367,0.059238197780394436,1.5950364443212457,-0.7919010278962594,-0.6359588154059148,0.5371127522740677,0.0850086705773525,0.04357760160125701,-0.23467290487489964,2.430693283749209,-0.930392677875041,1.4178163625847024,-1.9069965600061385,0.07775656230614993,-0.1614022811397192,0.9108965884577751,-0.6203499771993275,0.582012605603131,-0.8902379919244473,-0.15602774087109966,-0.4218776301371439,-1.5989253360584472,1.3122137742693916,1.2210955124595082,-1.0722808984839671,-0.14935648187451134,-0.009507358487356087,-0.23863701525940587,-0.9584787933058402,-1.3037377700112291,0.7616264342643128,0.8479670417170552,0.1821787194934469,-1.148343242064696,-0.3658432109213359,-0.18390065602786976,0.3724652563558043,-1.5603421870158574,-0.33846525286509904,2.1529373517667865,0.8845031996727335,0.06402062020936378,-0.0937179784488414,0.1996426961053806,0.3832520753148392,-1.394261288190834,-0.2602345075825281,-0.9691272026729721,1.0202477660052627,1.8018018940670724,-1.2200998156583767,0.8150996107498563
23,-0.9400652003646612,-2.792420568426312,1.69642946993337,-0.12262571060375625,1.3211055767061657,0.39476735082587394,0.1073887032948974,-1.0164786877762224,-0.09163149535399445,-0.4646486056473931,-2.5150342234659684,-0.49182181484633036,-0.6618789036957508,0.08775068497509213,-0.8282883481302012,-1.3200104758563906,-0.6809325678309257,-1.1189168126870765,0.3474716227780821,0.801550211909116,-1.068555981893222,-0.8744752172380414,0.8147514201098625,-1.18449998194671,-1.5408634057989445,0.2240445570908928,1.7915306198945589,0.06400706625091426,2.049997199573077,0.40326111624272293,-1.3704249009951626,-1.4797378150203315,0.3463619154453858,-0.26827556901675714,0.6107077240045621,-1.0379653607789696,-1.805057178450267,1.5727441004701102,0.7825541709347102,-0.8796863370323991,-0.5783412271626046,-0.5938470431688729,-0.9334878882045834,1.7440112820961728,0.8675025888372994,0.8875574419297951,1.0411140831593908,0.7498019802539646,-1.6306112809060016,0.1832709071005378,-1.1840070846194424,-1.1088913531650562,-0.06333281259967005,-1.3509185632656506,0.5991595240780961,0.6659018520885698,-1.0542340270217325,-0.6081383570648916,0.7418249731705352,-0.42912206590853713,-0.38591137158197514,-0.6783775422358768,0.06427891866809524,-0.39164632768791563,-2.2027377710159795,-0.36120936689275823,-1.2057071014671494,0.5991075884614536,-0.9950473025994898,-1.778028137975122,0.7130412447820452,-1.549387624856106,1.2516638485321487,1.4586282658651197,-0.6828821134980962,1.165527670534807,0.45856758296629346,1.5008996207583198,-0.5167749352293433,0.024494485088633288,1.7026297286678118,0.5154850321645202,1.0049003656127797,-0.6230467940271232,0.564352256468633,-1.1648362427132903,0.04477135403713008,0.04765874192788183,0.8558832340218465,-2.3364458672863178,0.19280298882970523,0.13867733768884605,0.8228957927153032,-0.999663808263961,0.5556501123661504,0.6395046852095492,0.40242637018281296,0.7182019767277257,-0.10057432187765697,-1.3840837589384503,0.39947133336144747
24,1.0805151320691544,-0.2989289895267973,0.047574113222051496,-1.6558416986283966,0.4009521821334147,1.051004255556725,-1.9904666666880806,0.659373962462794,0.499868175731512,-0.5959843014388903,-0.4983711875767017,0.2154372804022136,0.9572673873958389,0.5134023095191275,1.6151174146018754,-0.23249679734350606,-0.1187537628034799,-0.008908317148854848,-0.5780591427184447,-0.5447370104784462,-0.5717037800955612,0.2327337399038409,-0.27467655097811045,-0.7690562604914503,-2.740159770844046,-0.015614336921132241,0.4887762401808937,0.061752668608277016,0.6985342032955412,0.3785807239921443,-1.4740169307844178,1.3435749446397562,-0.2224378176132649,1.3290914322223106,-0.8415551820147777,0.1572849578109247,-2.0787888207647165,-0.03971599558866311,0.7493715344430982,-0.06964689648726158,2.0930706677341626,-0.7597782151904087,1.1212059568844073,0.18641812992296974,1.898320082578629,-0.19716533561329197,-0.06597692627244828,1.4086892921954757,1.4348823282631593,-0.3157507599972497,1.0997675658816994,0.388487979156501,-0.5534719612005602,-0.9060670155756955,-0.7147524956298134,-0.8553928612322866,-1.1154958054453685,-0.882978584232906,0.5142736552772654,-1.671540934318668,0.3511266099988444,1.512259905204577,-0.7055804987567398,-1.0299117383514493,0.014688750333781649,0.4204548979404333,0.4349885918820208,-0.26670062507149545,-0.47894713064849154,0.7980409990447732,-0.0650807412040736,0.6770116287265546,1.3838595580719248,0.40411760522259904,0.5270141724887651,0.9720927332242453,-0.23039909269310183,0.8267752660597244,0.03620636754065235,-0.5454979846210857,0.7402928244793345,1.4310189360507544,-1.115043987402605,0.2771564232510017,-0.7679642724983546,-0.4885558622406671,0.8332689473491249,0.4881635602414179,-0.7063117521921289,1.675210174098036,0.36285631363809795,1.054620538743893,-0.8183136935517459,0.2095588204432429,-0.9177822943140487,1.3775870409309625,-1.624976052790865,0.6748165156438203,1.0382172092663693,0.17583766686086963,-0.49984529599070404
25,0.3835689239373226,0.45004985751295346,-0.9719499083047655,-0.47138089942662664,-0.28340483548994794,-1.1090506665038489,-1.9451573036982812,0.786373679182105,2.000107091859039,1.3881794230729154,0.8202273808687276,1.9226832218268342,0.7799145803137847,-1.3958679460809624,-2.0821151165531275,-0.6021838142106214,2.1447890482741023,-0.8101485490335811,-0.10256699855690181,0.38503873612897505,-0.8178309004251842,0.13081438931241476,-0.2618972953932105,-1.461480152165098,-0.7609552172382736,0.3348964903537738,0.6251890303792614,-0.690275216892669,0.18192206335899652,1.4421570281735945,0.22438399007610801,2.723003534031079,-1.863235710100064,0.4022938937918023,-1.2411261249358374,-1.0670011711844571,1.210024827846844,2.13720471121563,0.3365247846332251,0.024672532748951807,-1.158679884858374,0.2626429451827601,1.6375364280605813,0.5640740437096732,-0.051385785257698866,-0.6980763930442998,-0.4669655398672255,1.7584574476355146,-1.0481411715458986,-0.16920952750037538,-1.02982236616359,-1.0748299883036807,1.7626349130198573,-1.1096285175306788,0.3870497131062514,-0.4831332022382247,0.032900765654368766,-0.8234458951342682,0.8036212716476283,0.5551037295353819,-1.1153632131995947,0.7493642284228405,0.7860313741316666,0.27273852704541074,2.1829168140495936,-0.23190418661829004,-0.05304003050917751,1.4589259347950736,1.6857782671124937,-0.5187541434194021,0.6154946677505275,-0.06503720139121139,0.21358050701525147,-1.4403272237221367,-1.3481168390701936,1.0459653669820415,-0.2222409782408624,1.2494928580030056,-0.6312931797905525,-0.510248068795099,0.4567772253509054,0.8270820800451302,-0.03291804433998899,-1.4225722943272523,-1.5392290025538862,-1.2882295477604837,0.31168241393752705,-0.8279484741460131,0.6676764383745598,-1.0233659929532335,-0.18580180400390298,-0.5341046036610254,-1.9783349693831145,-2.5549635940989943,1.06910253892022,0.5866608491199584,1.5948629996330321,1.134451385918917,-0.204502908357036,0.27605628029359913,-2.110222722325188
26,0.14839031797325464,-1.3980133319185555,1.3570881371570611,1.4552385155719172,0.0022446143278747784,-0.37510447021854254,0.6911462296013362,0.7829215458911278,-2.2234537775140364,0.8292864837771928,-0.765793291581421,1.2351923002990013,-0.5427571819989349,0.1792695565886824,0.9479243137726808,-0.3740820172517852,-0.1046105046683675,-0.643580375924067,-0.8662011738308993,0.1340518123571133,1.3950760961737532,0.022428056983902468,1.5424427169834614,-0.3607366849798401,1.1795190974137775,0.16970896560909307,0.8784769054635023,-0.9543176206447311,1.5381069033130021,0.7065252118061478,1.6295733251965008,1.267021163340781,0.46698459623125244,-1.0000719295386635,-0.5358594571763586,-0.8416062815025755,-0.14814818790902679,1.284568762133733,-1.298200140573678,0.6875140388141845,0.10650770643048205,-2.9680446730594534,-0.018279307431529824,-1.5522093383850908,-0.2290142485136946,0.33466462690020793,-1.2047964547950556,-0.5799245973203547,-1.1223241607834789,1.3593897499589367,0.6058104851524833,0.15047393077892504,1.2042433374421402,-0.679100096697216,-0.4186524543962114,0.1271408954838889,-0.8001313021318126,0.5827081495100851,0.7755721454555661,0.566121438766429,1.144876213729931,-1.08586319656625,1.8853195605521595,1.5645432766197291,1.8288036237534253,-0.3758804822568519,0.7826030620550337,0.15788312186934825,0.46585943703081606,-0.25170592656154717,1.2089684025420522,1.2010173491253575,-0.2086393600608164,-0.3014515722760124,0.131213531252925,-2.859284113059338,-0.8370027966757055,0.2838122471075451,-0.7903607558312189,0.4492441646533774,-0.8221322731819852,-0.5793804629262125,1.1280094736641864,-0.548751110544054,-0.16222831662795487,-0.9165900945289952,-0.7323144617947621,2.6490808802524017,1.020060518988911,1.8714555122976448,-0.18073993513796344,0.26303747483160056,0.13922947167459881,0.8088169890888506,0.16323587776504334,0.13617659802289223,0.33100840364945033,-0.37372487421513867,-0.20544422394068007,-1.347984499742649,0.4140878467469412
27,0.6546225273060824,-0.7189622024341941,1.0882056970806244,-0.790210187279338,1.6848373822356444,1.8435150491432677,-1.004918502607821,-3.278441580818843,0.6014825374168751,0.7609524891467467,0.4296490140546592,0.3196808944241384,-0.811712028131558,-0.5959994587237492,-0.5495195139049455,-0.3964737308887693,-0.15978697363848862,0.47109183482528455,0.5827695788505124,-0.28126599660904433,1.1576048777407109,0.04449472629993061,2.079011317760539,0.7136194055896571,1.616228799332354,-0.18529472644076925,-1.5191027468925977,0.14543374050073685,-0.6764466239659961,0.5216802015199438,-0.8527616754040043,1.412282670955121,1.3717095633838043,-1.0208186891477338,-0.055891914483304904,-0.9983958720589947,1.3491060356283673,-0.18055250380981414,0.673985989787344,0.7391061452695683,-0.5293275122156692,0.36381783096240927,1.3155246111577903,1.107865453958499,2.581499431178693,-0.5207079660663505,0.1411457627119213,-2.2116276709030274,0.10448278156999821,-0.24559602661141314,2.7441786450946304,-1.9084951292533416,0.06259546617611302,-0.9906978088860335,1.552320549263678,-0.17416181275226947,0.8608247430371759,0.5796400955292771,1.287991106167236,-0.2384769122493579,-0.46155190272774266,-0.8476565711472541,0.5305140374258107,0.1862455409299681,-0.15312916984375555,-0.6947246610196102,-0.26969504553842605,-0.3973830063569129,-1.4927991768226425,3.3732236969062313,-0.8168861317183467,1.5196798857303098,0.1007815163819515,-0.05997072381064884,-0.4994414790646881,1.993909973810053,0.2624121048050407,1.2081863754805655,0.7589089251584369,1.463267003093192,-0.001789927817750868,-0.7765618261035879,-0.24571372263599053,-0.5491128539222001,-0.7665529324122962,0.3868941957236604,-0.06261196544720597,2.28761160907043,1.7526716017211685,-0.4215707323423857,2.2831231256241513,0.20967200297364416,0.6572326015881756,-1.4153348470059002,1.6663747731877059,0.32831671514288413,-1.7192871394241336,0.6428911773915614,-0.7718514380244118,-1.048835402728507,1.640145203608268
28,-0.4439758708836732,-2.1806382004779583,-0.1739516048912726,-0.04586655787409938,0.4937525517089473,-0.28820245893276036,-0.7037074922905568,-0.3214061090764551,-1.1623000302364992,0.004978787577842031,0.2127005954415554,-0.9301635035449957,0.07607076266399247,0.809335090617113,-0.7174855969888764,0.08450766118983123,0.7423993536639745,-1.0616531697638196,-0.6775845121675536,-0.28704362719955173,2.0189793328776378,-0.3798334360211914,-0.48727169187808417,-3.211317616936104,0.28734225519799644,-0.8568589788447712,0.7001443963441963,0.942268776450766,0.42898457385483385,-0.4945349964541705,1.4649383661557185,-0.6796907918735425,-0.011614106433421907,-0.08582035128732908,1.2878809500797785,-0.19394124330890777,-0.4877890187312574,-1.6844838984399026,-0.9376427587154628,-2.8096790074739677,0.6767117808107702,-0.12363538290688487,0.6045325132407302,0.6087648809546838,-0.45172867152216606,1.2402043297462764,-0.6022260985333495,-1.209340537335661,-0.17890829641752531,-0.10113613310741157,-0.9785715541489187,-1.8490922614886527,0.5047978012752005,0.15215737705554896,0.1265948457477547,-0.38586489978747557,-1.6707955729729398,-0.5235478591285044,0.8764340226501273,0.13281461185706792,0.25883706246041494,1.070532424960532,0.08285446848278019,0.1618087581603777,0.7582931170622593,-1.831763532045982,0.04323176851713922,-0.6342044918765997,3.206898761816041,0.589887141926065,1.1764689748506167,0.5593163638625689,-0.9764421794936329,-1.9443455068268267,-1.1345600411973036,-0.3799431901124549,0.9794079083556593,-0.8288981952319605,-1.313192225466926,-2.249938388668174,0.3593955939591085,-1.296593430635934,0.30306061391509687,-0.13683007041471035,-1.013215948172456,0.19144001119580817,0.6711209254086634,1.0030097987849356,1.7385262313202392,0.3256361443160036,1.907898575829752,-0.5193587347092313,0.7348794449610382,0.7004262728213227,-0.858990835062863,0.17418650155106616,1.185173151501698,-0.6754761658074177,0.4975833059962393,-0.5985978773537933,-0.4170375890193537
29,0.3441720458153708,1.3577642555959677,0.2063054805571214,1.6059903489246814,0.14803621639501108,0.17608085249230457,-0.20559096465067828,-0.5645125885041664,-0.6964970730310086,1.2179287568415378,0.7683933118719362,-0.3223713578519447,-0.37635244547960517,0.723321058972992,0.027248376460242377,-1.5326018956530323,-1.6857141622749268,-0.8593154697278356,0.5319270312662279,-2.230265715115219,-1.816773047992836,-1.0960386207202568,-0.9468101162125039,-0.20510079446092486,1.2071647155155718,-0.992468449234788,-0.459682139236503,-1.0261737268280022,-0.41306295386145,1.5518256953638145,0.583197289852949,-0.4576570051671162,-0.4326769757487017,-0.19860805008738566,-0.5250213741956055,1.475583181867029,1.4858450355976007,-0.1363785743500997,0.7275812515899813,0.0017295883296551103,0.6708550108801561,1.368169825562463,0.3906961041541212,0.11504890406950237,0.6129235452643137,0.31251556238653305,0.6728236511983972,-0.6495044356635074,2.1175391079216945,-0.7291591445245879,-1.2544312322019966,-0.9148069947281912,-0.21121739669073147,-2.0826309143266077,0.2784829200650035,-1.2564061902591845,1.2210048806321263,1.2913393259054906,-0.6269211304446292,0.49676793540586967,-0.07918544086762341,0.6042991782774007,-0.25068955841693363,-0.8330300344701498,-0.5066061468603046,0.41513258595502206,2.0491663266795306,-1.5628975552301592,-0.7795096514861658,-0.061571287493255106,0.5629509616233105,-0.780328120719957,0.30085704897354754,0.41008527698306557,-0.007555846798230362,-2.33874666471514,-0.6184205227014024,0.4662302527833789,-0.10203089450977902,-0.8628952029640271,1.0727793843555893,-1.3765544765186313,2.2306934243744694,-1.079480997646235,0.20493127643997094,1.1602309591282012,0.29563283605568863,0.8134947524190983,-1.941267144327434,0.781725228555906,0.3388097963452247,-0.19845760061379414,-1.9049328281728695,0.4702676328688654,1.0374061334896754,-3.007440781054822,0.10099145430337006,-0.2418083124913389,-0.584727003968422,0.7198139752285672,0.629719208077665
30,-1.441482088456602,1.5780587783254856,-0.10100116436680141,0.33559200341909257,0.4514053347210077,-1.035892336222474,0.719850794101619,0.25878489113518705,1.2931791891289026,1.8769436253186476,0.8731804393330047,0.06450827312231165,-1.1260891199286567,-0.0874747244110249,-2.0016075682522807,1.8789695223809981,-1.103398392698612,0.9160572389824148,-0.05707971117553613,0.6790821296788032,0.6981052691636792,0.9090394841424094,-0.07059280955036351,0.3054097111406506,1.3226961440150509,2.9449365653839497,1.7994789075372442,-0.4772262205566405,1.3153222311780848,-0.2871358562475075,-0.11732485481422097,0.20428489659475496,-0.4828122057892817,-0.2126866917998577,-0.10536886827216918,-0.20819785913681108,0.46421180239575216,-1.7089509090042565,-0.5549171879079386,-0.4530318748867765,-0.7543129649005431,-1.2594402693456632,-0.41206022622420585,-2.3880582371063785,-0.014142255313511702,0.9667863449890686,0.014316063475724797,-0.06442113101496628,1.6384031948429851,-0.39679027304559805,0.2565092237713744,0.28476176336944836,1.1177632290633086,-0.494767792403073,-0.022555280394567376,1.6398133682432718,0.1431736871292445,0.29122851045004133,-0.5255173129285313,-0.8696278733903158,0.43763239932223386,-0.3584150857463168,-0.06265849759403799,-0.014455294742120931,0.8918763234452755,1.0212616418661276,2.8339856593727077,-0.4323801090852684,-1.0157780175978086,0.6429108922014696,-0.7489023888708238,0.1271683572854265,0.674392687082465,0.24773970519593091,-0.3619361171355249,1.4459169118986281,-0.7512913679940683,-0.6439120252852459,0.5219109519054433,-0.3572972511409096,-0.43422131333369457,0.56362230503787,-0.5239823433714986,-0.020671781632831687,1.356485897357245,0.5402120459861642,-1.7095529396892695,-0.6892266849752354,0.39383763278623835,1.894724181234888,-0.6546252490753041,0.3941447820484448,-0.1729682253604074,0.05455597316683218,-0.696315287835951,0.004866666397442193,-0.5150367128969345,-0.9623532245135072,0.4404582419998688,-1.1840246902972749,0.8014812455665398
31,-0.34899575753653445,-0.28203763769189705,-0.9193735981973965,0.5092837392023749,-0.6627292607006264,1.091495069620414,-0.050515439779789235,0.5294126604700478,-0.9572203605536228,-0.5263324651207978,-0.09216797766431996,-0.761068818003764,0.5498878934368405,1.3349399821837202,0.19782229358212006,-0.9589598878867939,0.1367612690246455,-2.0605773510153296,-0.3434653332714813,-0.3569458311434327,-1.0744842253269762,0.23756682601535634,-0.05918318067828771,0.67280892504519,-0.5290997908624924,-0.5860492224516038,0.5869481661319347,1.1538210366277741,-0.8184120099023331,0.886545652931825,-0.6866565049114361,0.9066523659465956,-2.7289493724413756,0.4741685626381396,0.5243167347316603,-0.5189032828157705,-1.793312142210331,2.308616111219434,0.5187168996630411,-0.17796488495741594,-0.6269218193927816,1.4601193534629195,0.19056444698125138,-0.609046599371179,-0.003553145656746752,-0.6183108936544504,0.41035476666541104,-0.004674987966893252,-1.1124061478330818,0.7624100230815373,-0.14632745674893263,-0.7016506214259635,0.1301555347474611,0.18167808761545773,-0.31005405187066704,-1.0566989429370126,-1.4129314290070376,-1.7126242200136266,0.5998965721774173,-0.7677124375077617,1.2194036263700914,0.6736768596255575,1.0371563588501638,0.8699149114669443,2.968611995796444,-0.690610216693222,1.3907749834769054,0.688306996862388,0.9723666077284548,1.1778236574568437,-1.4894958314185398,0.05779475206507597,0.23855032697630504,-0.8860339286209116,-1.6341231381298422,-0.04608521525325471,0.7420014230371059,-0.15264770998442373,0.7417132931702074,-1.1957265747548007,0.11660963702100315,2.034117820113866,0.7539115048997431,0.08744702429335452,-0.32294706369349263,-0.2577671452291919,0.7699932363323276,-0.3727346135406916,-1.1892791914486307,-0.6809975174131847,-0.6339782101793717,0.5678401003761284,-0.08763046658349796,-0.5810606537272699,0.20230347408235486,-0.9757497698383248,-0.10329049864247894,-1.8875560928764858,0.7670971508965934,-0.2820219882214535,-1.167532914822535
32,-0.2991855686076606,1.3292051743871725,-1.2699212007204626,-1.2040923872716822,0.44847624577646794,0.19590261633035166,0.5804775170552908,-1.0125424465622093,-0.32203546921447446,0.13674896878368709,0.05107971553859635,0.9429555125921946,1.142474539654357,-0.5310007848282184,-1.1157033121424789,-0.967829965627999,-0.000804132958118722,0.8753746059239979,1.384082756394904,0.33048900744273907,0.140928582059906,-1.0203237201694502,-0.30562598552894016,-0.9328187909733566,1.669767518137356,0.2735120418257036,0.30814691306297426,0.016030356804679916,1.9936315008581507,-1.8747818118198496,0.5067653998978355,0.2676262600513818,0.2230023298774919,0.17600117404243787,0.2293179215139179,-1.3430201776927102,-0.5723718175775333,0.34313769553623513,1.6034293533159425,-0.35899191458319724,0.10318132067611775,0.6838550232617927,-0.3499308781082598,2.0201642403094686,-0.9198451379041936,0.009822190921556168,0.9260084311720406,1.5544544241375393,0.08840870522224097,-1.3748928288071733,0.7252031908803734,-0.6274081242812801,-0.3741993707148359,-0.19388250317243286,0.8750791551040077,0.121607546927245,-1.650554851261466,-0.6536997720085925,-0.45916380841453924,0.8891111206559752,-0.011893281127299914,-0.6165939145974796,-0.7702637604126416,2.021994508922652,-1.443463199913207,0.36963738928085116,-0.49042428749781847,1.3836037636993013,1.2741869568284707,0.4080310515682273,-1.0045930166725736,-0.2822122428910337,0.05929818613718791,-1.0861534976835758,-1.5925933899596898,-0.17833554702185817,-0.045275391668458814,0.6058616541021716,0.5157967667229039,0.8511973588290535,0.08700998822265167,-0.3073488451509824,0.5743521905514506,-1.8287928781546725,0.10607833727339161,-0.580946366557109,0.7916040319000927,-1.3484265888459843,-0.5597336324678341,1.4995327060965449,3.4851747811790337,1.1825227275748547,-0.12093843603076428,1.4617994230303781,0.23088181213370443,1.1638884124631454,-0.8772060789934523,0.6765376400334115,-2.3908533752199577,0.3156395317627967,-0.6743959941993193
33,1.0461614036280569,-1.868950665820335,-1.9096996397710755,-0.17070745117540376,0.7000545178304697,-0.3783645334515879,0.6879136004695401,-1.7343716562521052,-1.460131498646188,-1.6552045559069042,0.39403601440168734,-1.1163113908744455,-1.8210635910641535,1.9502507103078859,0.1334571601722039,-0.18034583286537648,2.54001244641763,0.29959909915058563,-0.13325224677067524,2.3191198478406205,0.461488674072707,-0.022940417653683653,0.045039039956637605,1.4433581571885967,1.2992633948033363,-0.8886635784784485,-0.7814968047098694,-0.5633822780885993,0.5297705589602785,0.8492684895337335,0.5267349328075809,0.5561814364616022,-0.2295515091111635,0.1293387604005835,0.8822005191584478,0.30462211529656663,-0.014948660708480397,-0.296804116627523,-0.04441259141318949,-0.050452060177403744,0.7254063685281137,0.5304815207937144,0.6303519776724897,0.6799529950884488,-0.043580137713987756,1.07058301182915,0.3144611466145894,1.305425002172912,-0.5333860048402459,-0.10079303691929722,0.18367650343046493,-1.1096084429440478,-0.9647000434812057,-0.382263283743716,-0.13635877278477845,1.2002885455872268,0.47046259478390645,0.02860342905921813,-0.22278874462174378,-0.9297933615853697,1.2535672933131905,0.9776723746702015,0.16720177003434925,0.7416821629055195,-0.20887522340570058,-0.16006236192698717,-2.3732335007340097,0.384151240266048,-0.5137357323695416,0.31509316787362285,-1.6016064645556225,1.0547847247629898,-0.43375029154731576,-1.0276449368515272,-0.6894179393262985,0.31932492157481596,0.8231295280136725,0.10160313070260826,0.11378328743651327,-1.062528324783111,1.257900103313674,0.02115679830999384,1.2254669924455732,0.8447000969065978,0.589280698610382,0.017292937503186726,0.0352604105136132,0.6764519145646929,0.688589075501155,0.37282649894399505,0.33159566349875647,-0.48801754508811773,-0.06540008468612256,-0.5389707162295233,-0.249392454777434,2.1020181638073003,-0.22518523852654798,-0.8119279781696445,-0.007594834567274557,1.212036174859552,-2.589289003429451
34,0.31787060093530645,-0.6192691274559822,1.987426981658142,-1.9263596071735896,1.030656255468384,-1.0290925398161395,-1.3541354253036824,-0.15475354977468606,1.4558139558490806,0.044835882963343496,-0.6206347963712344,-0.4360730442356331,0.23655754757894107,1.1678047028174383,-1.350185956846887,0.6031728738193737,-0.7252104988072462,-0.1488729747205287,-1.0095589581464894,-0.5965411329652549,-0.6775588023752588,0.1387899532985949,-1.7977529572945194,0.572371939395242,-0.2230853072416988,0.7903764772623075,-1.1204787191606076,-2.053755589749498,-1.2219631672279645,0.6989891049177221,1.6489507867853346,0.7617796243223419,-1.9125893741736053,-0.5169969737967912,-1.061709044983765,-0.30887461202675837,1.590901590271153,-0.6528306684607871,-0.10786609869375044,-1.046758673105573,-0.82250613026801,-1.9288963045911476,-1.4725820544077581,0.847880058101161,-0.15100535758351127,0.1588064717656752,-1.239242722062321,0.08515196069950566,-0.4584746641005589,-2.053050417193973,-0.9628992081190867,1.5387820392402531,-0.26892431152556395,0.17415402410669178,-1.096470048079155,0.47714665712323223,0.6130681520802436,1.5058092483842844,1.6384403812764554,1.563763207579635,-1.0351925397165562,1.7447808379980416,1.4173659483947634,-0.21654818308488305,0.635095330077802,-0.4749554744883499,1.2626237708450172,-0.7591879404910744,2.6678954461946653,-0.5947618160281569,-0.08823852711312032,1.2172702933407786,1.1342909622056956,0.47464633935891576,0.76056701735128,1.6927859601498094,-0.194861503015762,-0.014324081097901302,2.2239683628005578,-1.1657440292920946,0.44462313682111526,1.308137394002528,-0.09644884903177847,1.2232947635011209,1.6686567358289877,0.2752339252136075,-2.053446019914748,-0.34985284588144583,-0.1761777620868178,-1.198791185475449,2.494459475741213,2.2446856795706474,1.0141849142863655,0.5233234658271512,-0.7413146570287482,0.9109347686545447,0.6184028096843085,-0.09967909992246252,0.7650229525462101,1.0712768501239924,1.696779073815711
35,0.3856809016718219,-1.0445797618228463,-1.2201046628176193,-0.6219880199386095,-0.2724071700606019,2.473977806476288,-0.9437684198030362,0.23315137492060428,0.23127428811587541,0.20675872102025647,1.6073613013915256,-1.6057754607062393,0.3286929050483678,1.3502267283915512,0.8015151204081571,-1.5386068643093538,0.7050996184688825,0.010588560810552145,-0.7587983427451687,-0.3403852261602953,-1.4211480073595721,-0.37884802232306086,0.6966117586998931,-0.3897866930406348,0.5796049525931001,-0.4856459302737176,-0.09861446958343158,-0.20893598667181715,-0.18227165505930423,0.17353713885192576,-0.7720035058259891,-0.5609665903747812,1.277480642375293,1.714678324580966,1.4531924558333542,-0.6018203196933231,-0.32535753439167636,-0.29913602359169933,0.4143070695631002,0.24386727528235283,-0.7660537217326809,0.6881512650885054,0.410780777347921,1.0426000192872968,-0.921006242961215,0.11394950181331001,0.13284181996778488,2.061305944456695,0.6579483263600958,-1.4253636088157995,0.21954348686952138,-0.3382524364632076,-0.004681471372972403,0.7472050778616908,-1.6118013620765648,-0.29678837748461595,-0.17568553866278444,0.8389457507321795,-0.4572225914759525,-1.9038574498757133,1.0365126615036626,2.1013943860988857,-0.702304433060004,0.3510244246499977,-2.2891761527426957,-0.7520926741421857,-0.3946049077999843,1.6691718484049602,0.7519474774923639,-0.38865213820175265,0.17793429768624555,-1.7590234053553166,0.13812511355133378,-0.3078814444629274,0.7413341811565054,-0.7627647909690376,-0.6971699950719789,-0.10518814882660582,0.26369329694674953,-0.30706245462228243,2.4089949964087,-0.45383349833901243,0.02605204888920717,-0.6300895773044786,0.9030898085759732,0.13015221351425177,-1.9917792753465173,-1.7996659667046604,-0.6974986312823612,1.2675187004800974,0.21178531017379226,1.1131822546595729,0.5881862132937182,-0.5468643729030338,-0.3595576624828779,0.8960002837144516,0.25069646517375377,-0.7047836713012299,0.5130996674961315,-0.5002694320532004,-1.2146376065254807
36,-0.7434788024219735,-0.6178249225214183,0.7092306021160112,-1.1189980179707701,-1.2414681631698414,-0.7031603423079827,0.0061448977755260105,0.16127269643833797,-0.16556023670327333,-0.9884724758492026,0.4314364318012507,-1.7290687193553758,1.2592287851471289,0.12478051671448163,-0.40725685402743267,1.2830753660750829,0.8698322588722042,1.2224753728608722,0.0010125490436568997,0.28441536720790517,-1.1927316129396925,-1.1707400688164629,-1.1494313296779874,1.442888634546292,-2.0423093002543236,-1.3472683228132467,2.310697146459414,0.5786592162086467,0.11371692942900806,1.2075657203016321,1.5852287205931699,1.184714811872383,-1.3529996288486352,-1.0408479503577373,0.24885947596206778,1.7371884729278058,-0.15731842202432325,-0.8072018859057202,-1.3815603000980297,-0.20668537459082761,0.9258557518150871,-0.041444310555097244,0.7597150757467412,-1.1519742948670562,-1.245590203746845,1.4408137898046214,0.7147041172105865,-0.7754740918379479,0.02822051173667731,-1.33549730803226,-0.3609596994427441,0.49869550296945986,0.007240887220364257,-0.7300127389261597,0.02973909959482042,0.5516417292734866,-0.5209678666649755,-0.0030630884667405206,1.4682985048480852,1.8892532895002279,-2.012960143498832,1.7294970554270799,1.873165191433072,-0.2775984658436634,-0.2101507785246932,0.5128711303216619,-0.3146445899364578,0.8510844714445815,-2.4077336801017957,-0.8126464203684801,-1.5980732757019955,-0.09008667019216673,1.4008769164233073,-1.6271024386216306,-1.643438835955164,-1.521329636231677,0.6969708533841785,1.3643833347899206,2.884785901891222,1.2107951084647488,-0.9674016918335561,-0.5896188103934221,-0.1799764002997094,1.5413031629546705,0.48122355848033027,0.6668564634139705,1.7272652721808264,1.1946464511126562,0.6366093805305312,-1.461637866758176,0.15011259622344242,1.3881070974533336,-0.05682770704713766,-0.4684731721826813,-0.13219999567710666,-1.3756993952253262,-0.1715747837276052,-2.4806096290828923,1.3313652015838016,-1.3957935059261486,-0.2623137705563888
37,-0.5689195258758358,0.8309272447746558,0.20496367503407814,-0.983349983151162,0.9651615706779318,0.7203106211874051,1.2897594272445954,1.2907823478881428,-0.26960017863539837,1.4466970136056463,0.007745022216387143,-0.7089592788866925,0.1156152013798553,0.09483712535964704,1.2335372702574057,-1.0634036281842734,2.0675532246972548,-0.520048084003771,-0.002311038838682363,0.9179877799013086,-0.7521790066305287,-0.17005322208422935,0.3872347493677736,0.31695594565856017,-0.8264680504198375,-0.0585895404979569,0.03865798294336645,-0.1609435632376153,0.9935471709985247,-1.5990456296954028,2.737991747936211,1.7532413022183904,0.376601826471554,-0.4526364033418021,0.9027521209565433,0.24865340994921742,-0.9529138757197035,-0.3876247950510742,-0.09767563698833366,0.395309172081775,1.5488320566966036,0.7700370600643978,-2.2479457963841463,0.1383547780636136,-0.30928988366098487,-0.5930844233991425,-1.8949211145376164,-0.6846661582551565,0.41450258977497784,-0.24844823534324906,0.9671725572725235,0.3417454769073118,0.6445151412944197,-0.6087246897683752,0.475822148522846,-2.0000314480571197,0.3135276253856474,0.37207027787000574,-0.5468075568398079,-1.338095410374132,0.5159330941367963,-0.9037356842055819,0.512534559299133,0.9652161722575264,-0.52847065745824,-0.40171677142601286,2.1437567436199636,0.4866186753868905,-0.765952310305753,0.3553421991749931,0.9559604160727021,-0.21757500087738188,-0.12500992316774526,-1.1360541882184385,-0.3498631780814977,-0.6845364230371144,-1.0833048761596125,0.7323924467815399,0.6845408644781984,-1.24326151622055,-0.22016560658728418,-0.5363245609947372,-1.7358415634919906,-0.7217450102550826,0.5138026947626257,-0.21554009427267395,1.4899516285757357,-1.5240121635622732,-0.8632663996590817,-0.944361512125004,0.7245487225899713,0.9289780381706028,0.6859912898745858,0.9327994054237639,0.6306103960441287,2.3498075740852467,-0.9990441006283728,2.0203687914959736,-0.4505845562761627,-0.7139839151824083,0.2909881312087653
38,-0.4398472670652015,1.2212184213862247,0.08248383886179192,0.24292432978063597,0.1735131785758894,1.0086717390806326,-0.10609847922386473,-1.5264599061677784,-0.27979461778518694,-1.2021449282771959,0.17490935758370937,-0.23878555367337073,-0.41421934141799555,0.12821132954994668,1.4769006517553853,0.45401608500566004,-1.3196360489216326,0.7273774916743693,-1.4098681307943826,1.0900264671102144,-1.0430769688648716,0.4423549038157042,0.7389531109001674,-0.6464456019177747,-1.744118875837832,0.6752327088551136,-1.2455823195693894,1.10772475862325,0.2192886964020468,1.4647534989118278,1.7025016974972802,0.387668103394502,0.1524870053551418,1.0181949015055116,0.909847315684275,-3.976216382548714,-0.397757772525674,1.4680839448044638,-0.12168216248082596,0.8680320431911998,0.31523934044840557,-0.19712594351904722,-1.3979783103021621,0.7769550038800794,1.9937753887624743,-0.5041127185553078,-0.8722679728630803,0.6215981627954184,-0.7704175005317938,1.644692147808117,0.1319637815574157,0.4753872028768136,0.6468941485809595,-1.0432020529687709,-1.1725610086546208,-0.7731849572368076,-1.5983308937093619,0.5700037465185215,1.3587383253456486,-0.7673471956769079,-0.007773470986056997,1.3157500112233211,0.11231654268404773,1.0220021222736049,-0.491014460710248,-0.797346024212714,1.7351935817213964,0.07890468033703871,-1.2564787265809416,1.2547327180311307,-0.3342384193164619,-0.4800875348791869,-0.5533381087391631,0.23574729834135563,0.11877648326504123,0.6463669562415808,-0.8411389473639914,0.19798546990204413,-0.7142800054520952,2.16497660657748,2.1532127305502864,0.31961857980743863,-0.47367319280765796,-1.0124432241590027,0.5703883968409529,0.29254816105625014,-0.4682273919859002,0.12351799751493392,1.2092488592463129,0.28531544518389684,0.32814665767786944,-0.8543774334152321,-0.06773247408151149,-0.19484542500847926,-2.6714340218204566,-0.43756904319495155,-0.54099158687255,-0.8622604412943714,-0.765435251097284,-2.4514384573249415,-1.743840944944811
39,0.3432608860232631,0.6081337404737928,-0.6840083127289965,-1.1451098071788033,-0.8559659548251244,1.7701269211157138,-0.318999289115339,-0.6537458226648544,0.8831952671627794,-0.5379110237945965,0.7597311482964865,0.9275526232969254,0.6426022999862137,-1.3122527383708844,1.1946659162814282,0.7301782234640348,0.41450617903087306,-1.0787992860749682,-0.3597499446270073,-0.5032218682175935,-0.5646937032201361,-0.6941021691581647,-0.27348349115096743,-0.49641341576671655,-0.35719911246078656,0.5035573569343312,0.25215741769584,1.299535882894798,-0.8630609358705681,0.8775792862520234,-0.2803364086389874,0.17651095216139367,1.0198361523472586,0.4229661634887136,1.3895908115091435,-0.8207474182108486,1.328553577392047,0.5600344208786107,1.2897787997665011,-0.8283248086417064,1.1733687837663929,0.4726618094630447,-1.0624943985884652,0.6417063151462129,-1.4812939765365327,0.18437636913252342,0.40799211619457965,-1.131365104662462,-0.916960215800473,-0.5206314229177721,-2.024710541364498,0.5812608849219728,-0.18417879585828836,0.4995013946102884,-0.32161999864604257,2.551558372231079,1.102869894441194,0.09038312927489149,1.2227559845843479,0.2562445025424832,0.5212122338752326,-0.9557597889608035,0.0937731545804651,1.149055803380954,0.3462659188897358,0.7935065968690587,-0.14723380651518322,1.652232649460701,0.09751897805635287,0.3905900774126118,-0.05188902485174057,-1.4416352893534663,0.8947145892546278,0.1275339445564028,1.5494725349334095,-1.3894163168476923,0.7513236359992231,-0.3026078456416632,-0.24312621262907808,0.7166965665994168,0.6687797297621152,0.9659616987071102,1.4774421312153956,-2.1466942470309727,2.357035974500159,-0.6319117510600706,-0.5850697827422336,-0.6955074857291114,0.5391695773897582,0.6268229262697291,0.5911447161411668,1.461854918500097,2.127678342639583,-1.4257984800891652,-0.02918584991143234,0.9085765285896028,-1.2111698177506953,-1.718167606407474,-2.4359004514526634,0.19431148418989547,-1.7677884345253596
40,1.9765362569291414,-0.27669997979117,-0.5468029147135397,1.5977886791294502,-0.8030354390894181,0.8147571349325223,0.3055651673797968,-1.705877155427087,0.1185228194541569,-1.2192494347352252,-0.9507050431666495,1.5379728600253355,0.2738108155508373,-0.12495067911661863,-0.9676618330503833,-0.47961305850603264,-0.05775728290802139,-0.22734290872334023,-0.8376387560850684,-0.6606135116233056,1.0697725000576384,-0.34703672289308435,0.0031827590656436622,0.08846305787399762,0.4428956743322562,0.928828004570165,0.4907764159428665,-0.12130957231224285,0.6515122303651043,0.4883881111416751,0.4903582095995119,-2.029647053126963,1.0489915338110682,1.2557753196558334,-0.9232188434323331,1.1300132817037383,-1.011525378628306,0.275483543604993,1.1604559026857235,-0.7288293314003285,-0.1383307763055392,-1.292694250139532,-0.47155324952464234,-0.3908732348221421,-0.2433657717766732,0.12704292895200264,0.357709651041378,1.6570473541138018,1.6344754877612893,-1.0390357771507372,-0.005787000672631946,0.7187453397852409,-0.9276774287185626,-0.03898512164196389,0.5265427966849684,-1.049487939265525,0.48008478713557606,-0.9929547187581719,0.1374369833254309,3.2582313736068254,-0.20778940524202696,-0.1355760873645472,0.6444295193806351,1.0289767834489438,-0.6082558980990126,2.700408779300036,0.1950602997743962,0.5276532115665955,-1.58485449319727,-0.16882781333214855,1.7409140103680987,-0.014602502542130646,-1.6260310948298975,1.0662047119303464,0.032381662739857694,-0.46746298627587846,0.7633869063018645,-0.24180252819865508,0.14810712634403425,0.42611571656238556,1.7947518524635633,0.08722378220499606,0.29562408340866375,0.646541015093188,0.4129829121645251,-0.46166330800015315,-1.1133542281681799,-1.1112150245671353,0.6127419088911386,0.9281839325313785,1.4416842453709564,-0.36390852936640256,0.6542721443892587,0.6146498709913509,0.720097754725513,-0.29921556588547726,-0.557142155615763,0.9888191933495658,-1.0452324920694216,1.0237442224735038,-1.1817388912795814
41,1.0524546616738486,-0.48220824707835486,0.432876490484892,0.08986706653894776,-0.5217688827134914,-0.9757809277809142,1.7160180557328497,-0.18005602499134588,-0.09708376037112036,0.8025789044068041,0.4355675249561878,-1.4401876626214989,-1.0770422976206004,0.14883760670597024,0.950533467926224,-0.5371552007419484,0.6438809356952903,-1.6428059871820784,1.435918362969835,-0.563747648406886,0.4484576628652727,0.22006879786395994,1.6543368784880583,-0.93610623396499,-1.8138485910735924,1.1154756786865574,-0.7834916082766755,-1.6640838928030866,0.4947995159888468,0.2391250429090439,1.4943518915818272,1.364545895946379,0.3324356854835581,-0.5616363692962251,-0.13273109775533246,0.771290583155031,-0.4708770258298419,-1.2777156072395959,0.1231471435524666,-0.0006522448950287615,1.4486675856295377,-0.8873784943136861,0.6070313696525692,-1.4466016816827616,-0.22126604438382863,1.108563019670584,-0.6432210867168776,0.7577247963653324,-0.6852068211483162,1.1199164985880632,-1.3721596773297835,-0.873672858963251,-0.7684924342352395,-0.028288643716032968,0.7073810528270138,-0.22672851789649762,-0.037691184799894445,1.3318882700770949,-0.11034337993790524,-0.5269808446056975,-1.7712478820559892,-0.5886594353046882,-0.04239225093652364,0.6150571025350969,0.9811233262065878,1.0862467622897272,0.9543609689761653,0.8747012237420224,-0.9171428315174361,0.8942811732077528,-0.0793602069808564,-0.8572556277936222,-0.3504295522283701,0.20117432076610026,-0.550134927071083,1.3407906030520618,0.7689697075355822,-0.3294757985822665,0.6149789447916363,0.8752520221037133,-1.678877989172906,-0.5651229293983648,1.4817699300721963,0.6455073538986327,0.7336419766590025,-0.4016221043774571,-0.042971613028910706,0.07253117843785534,2.039381467099518,0.0021877067635018652,-2.4537015798478543,0.4342139225072843,0.5367930559298638,-0.4109891301164105,-0.9542216445076287,0.8241649849567517,-0.23645299437130538,-0.1903169026765443,-0.05718069433052117,-0.32824293099711305,-0.8429716776915765
42,1.888423204983405,1.0169323451666754,0.8065117385694359,0.6110508126965365,0.18421727571916957,-1.639652996126758,-0.427884281559703,2.0053244791198384,-0.13326738489172374,1.9580631998540485,-1.3769875665824984,1.0219297487394745,0.4994337481315174,2.152565110702857,0.5210138152531881,0.1916138061631011,1.3911081287860865,1.1451743531234917,-0.16286799117520803,0.028049311138221546,-0.00019177350498903703,-0.5358612520898596,0.9299918096319459,-0.738355251640742,1.186276665327503,-1.7184754175427028,-0.8066266759017873,0.33196138164895006,1.5921128576874028,0.31973425237960923,0.8484889248486446,-0.9860930427940623,-0.12940173871201863,0.7749167923010687,-0.2295572864704345,-0.019334201807606723,1.2885106358421679,-1.4157765720040625,-0.1418141432471009,2.3455400774836908,-0.8997815097994722,-1.3337955160079404,-0.09273462311435739,-0.6571153781139593,0.7636443786585326,1.2863537294745802,0.29074127218087514,-0.44078994276167077,0.36507685932871486,-0.958633856787154,-0.9862354356301481,1.7906464460115268,0.3865468341521686,0.841402421298299,0.6278492802009896,-1.360580762383152,-0.32268808947386574,-0.7770674502923103,-0.3581567126259478,0.5472213416906369,-0.6134275860493411,2.300630316426291,0.9418737830059737,-2.107019823616605,-1.518851479424876,0.5866610031104437,0.85307897058713,0.36639832720831433,1.665076891694047,0.2727149426056588,1.2982517131178393,-0.15888138709023614,1.5258253598888512,0.2682284746840224,0.6196611391422103,-0.024803515022196517,-1.935474631120002,0.2245225782180816,1.8355030801830856,0.19255827497847663,0.07875816585131536,-0.3109580809784569,-0.7170188455726794,0.81251985568588,0.9358414846932726,-0.18344459886120124,1.4334245676913815,1.4858499192683028,-1.7239633502023868,0.08143102825312266,2.013759417384279,-1.3281521439406063,-0.9135403476383471,-0.10934804866614062,0.7128822600814191,-0.012567886897262393,1.6616162144396411,0.6808649218461347,0.46114630987175853,1.3354251739057272,1.3061421804703275
43,0.3557287835123485,-0.43100230237562226,-0.866483695530543,1.1072515488115036,-0.9976454704369935,0.6192102245316544,-1.1199943076289423,0.30271318160974175,0.3249054944318493,0.26421482115931616,-1.965700926969435,0.6261405891668931,-1.3619914048791706,1.7068277413669626,-0.5243710710762475,0.733660095327764,0.8426408618231765,1.2982528642860403,-2.3858798155882983,0.16262211639588356,0.9092379131269265,1.0261573699200393,1.5362747431612407,0.5003047811082627,0.7155646538837634,-0.3431954140262872,1.6205080385197077,-0.3309306406316399,-0.03478360178405055,-0.19663886558912533,-1.0369760242234964,0.6687814013676098,0.819864581848318,-0.6289181435362324,0.3287278910813206,2.296421093875618,-0.7011428852610042,-0.3406949432749044,-0.2989291422604811,1.3445547494673293,0.5348488414895395,0.06926631606378912,1.4946179495330139,-0.6607260126483235,-0.7447128448760864,0.4779293987102294,-1.019941824031343,-0.6301960772386087,-0.8048052689597653,0.8192626231046652,-0.7589004987959677,-1.6140236612974395,0.6380198854281316,0.5362319841366412,0.6131769810847455,-0.9746340367152392,-0.9255102644957194,0.8108614947022726,-0.3574845834807732,-0.06405416863195558,-0.5147324947556872,-0.0323505558184111,-0.1490770851365204,-0.6133997402850739,1.3420270995094592,-0.24740453330859455,-0.7716582729241583,1.2531917711227933,-1.026185343383143,-1.6242989676460906,-1.7443190441401943,-1.711049683553153,0.045144761269005386,-1.0051638022849378,0.05426281952009389,-0.0663918280308664,1.9181821191876947,0.17903779562487246,0.7803605886521807,-0.7531422741602305,-0.7347410381957638,0.43030172261419786,-1.2485423254681136,-0.9492906941772652,-1.0137780909496172,-0.2933152728672449,-0.14268830252530332,0.48151752032587364,0.666770556417949,0.28786858368362794,-1.0551961659739315,-1.3215655304107117,-1.4271865997908937,0.03768892980197547,0.3785452978147552,0.7589792254282082,-1.2489247264054122,-0.8525572960134231,2.745117560420125,-1.6459436416079278,-0.5560005270461523
44,-0.011693390736130618,-1.1456270603125611,1.5283542678031128,0.55988458241068,0.5309832110213831,0.3042659138673703,0.11052299021968218,-0.732639511228781,0.08123214267511929,1.6282147522256016,0.8048120567862461,-1.5536023050662102,0.35336965562196315,-1.038418178281061,2.1088121298487787,0.9155224431774343,0.8780479485246089,0.03809294972687117,1.1277205046171137,-1.0800440222103815,0.6136984333115535,1.4685322981720255,1.6597996259562655,-0.47098188876862074,1.1526632930452188,-0.44948479347473475,-0.7610032394414544,1.8213852380220021,0.24701147531767262,-1.0104323131443178,-0.6138797036336784,-2.832126362470473,0.7765514920319179,0.24879148288799172,0.4310499975808514,-1.1891657615067028,0.03713553605642317,-2.2113023798902653,0.09659358572425489,-0.1102470757547668,-2.155228640978992,0.2927370139809547,1.454708270539556,-0.4563951140081715,1.5438121962417197,0.5315171376007998,-1.4577355964937713,1.3130073384273953,2.92156536709227,-1.2821533825486309,-0.7194122134279917,0.6187229682064418,1.1319985247245203,-0.4007966736368631,1.218317379020066,-0.8087289459493276,-1.031042554757307,2.0381752034269685,0.2688262697772512,-0.016980373451984478,0.6708005058097096,-1.3435745822978722,0.4361115167823359,0.5244106364740072,-0.6556787616804243,0.6750204309807224,-2.284737940744283,-0.4842118623976478,-2.5650209244458235,-1.1546548626603343,-1.2570729895146462,-0.6235976149368212,-1.2456691969767753,1.2532537764730305,-1.5501766178537528,0.1262671966272371,0.17240024501288087,1.2835795790179234,-1.5385650334670198,-0.8204025880922191,-1.6373306749081593,2.2372654712994624,-0.3116568588656581,-1.7161072346757178,1.4227942229276858,0.8721873733520465,-0.7499636702376743,-0.6378144015434035,2.6252417461560578,0.6515148049215788,-0.06289006682520955,-1.4852898784934592,0.0018646344192261941,-0.14478946281653768,1.3986897112724423,-0.5266709258652618,-0.5979832530932008,-0.5916652573338004,1.3454267926533419,0.07577659537418628,0.864337327168131
45,-0.7162420530249225,0.27433606172310543,0.6652514918934916,0.15437084150002706,-0.8831237837921568,1.3129956370257234,-0.2537169417204169,1.5785881121356624,0.9096365341563097,0.10555268847990998,0.3016716011607751,1.0460662854590261,-0.12287061388043413,-0.9133164888482718,1.5295299436937386,-0.11238039599674837,0.05420302334816077,-1.1598609367900405,-2.281702590819106,0.6763450355671206,0.636156909264614,-0.9163518154203016,0.08685790359563465,0.097572476284248,2.1942914696064237,-0.31609432883676725,0.7001547790319956,-2.1418639248414255,-0.04282225531880985,0.15485015651603365,-0.18835890018081902,-0.5361482502822711,-1.6136399358925968,0.18127237826585077,-0.4496828249698471,-0.19423718922571537,-0.2635992624169598,-1.7351787801928629,-0.009637425874239243,0.9953051853542831,0.5309300308371964,-1.46646310810501,-0.456394651842509,0.1387844228394328,0.4384212398749646,0.04392113601127652,-1.0802294824722323,-0.019809450102184694,1.5209226327603038,1.6047699626115162,-0.2251991241271566,-0.2361974223809011,-0.6281304232112221,2.2795307299296423,1.293092548260302,0.8679597150956867,0.1897796632880267,0.5898605496723651,-0.33689455050491035,-1.748514037572991,1.5574977199834257,0.3320840951086368,-0.36105191723009833,0.8305354746473766,2.520127947827885,0.1782390970873816,-0.028630128312933205,0.15862827217070677,0.07879079307870553,0.6938132347897552,-0.5266248976705352,-1.5124311813319657,1.7066013422621191,-1.117916846488043,0.34320812165211473,0.8122366234483257,-0.4749869197550294,0.3437918582088327,1.9889711171865758,-0.043509752341604715,0.46143797618096544,0.7335576680302495,0.02010098227966283,0.28744967939735167,-0.2493273688003987,-0.6399676340721053,0.5349232220435681,2.5798018959104034,1.0741585540823129,2.1928543183491747,-0.514681866859843,-1.5617524656468469,0.8368164495382024,-2.4759972314718,-0.15097172587072713,-0.9995285735871717,1.5948165713389675,0.3605723938473811,0.39460655443159903,-1.1322551125512943,-0.5950884088663692
46,0.32074074391815294,2.5350637308808492,0.17509315196002398,0.9207847421282184,2.06359974597765,0.09039344972824508,-0.40264669507304507,0.9031578219132109,0.09647984669129145,1.763081219481462,-1.581667665177874,-0.34299098056302874,0.21148255706555227,1.832213507082481,-0.4602440562839943,1.985572231932598,0.2656173704073951,0.19540107850075333,-1.550415350854212,0.6056795768176108,-0.9668049191547453,-0.003609571723284986,-1.1376190934555988,1.024483838020351,-0.495162881496079,-0.40066916950923237,0.7954089955010706,1.9519333255051794,1.299916671783563,0.9579856282660182,-0.4517184785352197,2.082260093815907,-0.12793977254475636,-0.9947153358030685,1.0156932917855692,-0.3679372906409473,0.6506148696246951,0.15639219428892037,0.4261398980587384,0.38890028434253754,0.049674266503315155,-1.1217186648881472,-0.5313968301637966,-0.2627584820493354,-2.1567485882030244,-2.273104326194407,0.2612254272434616,-0.18614408277545513,1.3794363554773708,0.32935738910233153,0.7730409513531962,-0.4315987245650793,-0.7305028973714117,-0.40666684558005467,1.4235177396478247,-1.2533871834340569,-0.9603886147906497,-0.14502343327554884,-1.278448821309056,0.3817714924651298,1.5526918323214969,-1.170280113788242,-0.08730411405603253,-0.8586744199908936,-0.36607804803560307,-0.06411057260794585,0.13467682860101804,-1.770426539872591,-0.27535940233580025,-0.6818057131880838,-2.139510786033082,-0.10772043193031797,-0.3253419669718111,-0.509509298983227,-0.8742128577491931,-1.5121465406106942,1.10506146498241,-0.2671840635400271,-0.008244625811921385,-0.05022980817567071,-0.27900675523659507,1.0683632363420863,-0.11187387907292916,0.36821378526599746,-0.0891446396231179,0.48502751464784766,2.192900348123967,0.9880243476143529,-0.4635089041661607,1.1685061920117144,0.266595318153705,0.15201627278153787,-1.3253918705809682,0.514697593443738,2.1521283856797706,1.391286131730425,-0.5631111188948061,1.2889229615461262,-0.3024866533915168,0.27263101785489147,-0.8001686742183665
47,-0.7438161149499598,-0.8482594797392421,-0.3300025131690045,-1.3088624348140014,-0.5456661094450871,0.6513848722274981,0.23560334751981843,0.7791398880274688,-1.1097836477633973,-0.7858608214163033,-0.724908325348745,-2.903443017488182,-0.46066457556718876,0.5463097520304064,0.47465295068110996,-1.5366476022251223,1.3062136019738209,-0.1976946511479193,0.30192664569595246,1.0727705476522187,-0.6726526175874088,-0.15223165338109282,2.060406492618558,0.5723177093883696,0.5302974760795871,-0.43160064490605227,0.6908812527861233,0.03783576649946149,0.43819160263168727,1.2076772665491984,0.721272275113118,-2.1562695061582593,0.7881932178108539,0.4093344734388269,0.5363623149164396,-0.20100729285975952,-1.086489614512622,1.83142408334703,-0.907668529674681,2.24186757400527,1.4192517858527194,0.20272154077801094,-0.46391508252560776,0.8365076019024381,0.5017808802779151,-0.32843906508724463,0.41203339416274365,1.9450027764484952,-2.17769803504681,-0.27233776701356655,-1.1136739657980517,0.5088166548765605,-2.3962342587277505,0.16392176671431782,-0.09672879187045519,0.3568639262823961,1.178723238850092,2.797810765272945,-0.03984104174550333,-1.0207325081684138,1.2483243944162123,1.5353741000593881,0.24681998966959653,-1.49286069166629,0.2971983056357682,-1.4114791155813602,0.03372054181385731,-0.09077106121451455,-1.765249183604243,0.20690150421269654,-0.975424822672931,-2.0575318570396854,-0.5206497731351041,0.4471355999677675,-0.643289277084345,2.2442471059388853,-0.4407223668780411,0.729715033785223,1.0589636176137707,0.34758801485672564,-0.0523499071386198,2.1683769419509384,1.0385132618580801,-0.7885621680417144,0.008199807431788098,-0.11822089208671907,0.28068653441685487,2.2248334025771483,0.30699800701266594,0.523496568586911,-0.4077244869042018,-2.395196927976252,-0.11889837629515729,-0.24679803569389058,-0.009596770218896353,0.8535303765452096,0.824612984540032,-1.9618941882542484,-2.5822318301847003,-1.1845545889229745,-1.5916563088642741
48,-0.27239917299902444,-0.6096570981798346,0.8916016511528493,-0.2844546829897797,-0.6137779349046628,-0.3004939587460485,-0.5455873075511903,0.2129782276143501,-1.3000544487980679,-0.09573082026314837,-0.30214863726047037,-1.314956505433265,-2.467930072589389,-2.5232802169023083,-0.7752615350425892,-1.0353492979875785,1.6561725518736126,0.24611963891386288,1.1996130320239309,-1.8131659702274296,0.2881188394509376,0.08741123548626979,2.2516048687252206,0.6043041015514836,0.0215188181725707,-0.8399013822838506,-0.9553856985181478,-0.6985509853773282,2.841228759215679,-0.28833726102206464,-0.4295519118123072,-1.7179892397644367,1.5767098816275196,0.3931824994356527,-0.7673876363830162,-0.9729994736202959,-2.0292248324945232,0.010613140195551108,-0.7829765369751387,0.2921329417359366,-1.7145300605948472,1.3311727658218615,-1.7855801567601033,-0.6880488726634523,-0.4152298996476453,1.355774273584633,-0.3894789547482501,1.529999468073923,-0.3216193285016797,0.5752193636675217,0.6812173872430958,-0.597647876614751,-0.265461616294399,-0.09620497606984059,0.1259429713043768,-0.1100190264237558,-0.17542985471274256,-0.5866053003656004,0.006436015578505039,1.1965916401402976,1.4315780900813029,-0.34871145530805947,1.8549660787807307,-1.0663979667335728,-0.2652097516333056,-0.012663311851089338,1.1394926737922604,1.8515342646714736,1.2654762582939232,0.9923491487936421,0.8317701194808127,-1.4141941838179817,-1.8643661072238864,-0.7109236254897185,0.3803095189116197,-0.577845332756302,-1.1491475698165174,1.7407287763665509,0.21129438263930875,-1.8704084836530215,-0.2163715167835539,1.0685997720335663,0.11635171833614097,0.44607851663576953,-0.885475949386437,0.9464397397046108,0.6417714965453876,-1.0028214334141505,-1.4695514013048117,-1.8574641261117648,-0.237914444693374,-0.5553711213345567,1.66344989433921,-0.7864264467424678,-0.40181539351678625,0.6136479277290976,0.8384428323505299,2.1588572871826863,1.4102488424062198,-0.20153235168124686,0.7432275749535
49,-1.7772048216005194,0.04013986085976799,-0.11507370620753313,-0.1692585908979129,-0.3564754409489756,1.5564066960496903,1.0538904072542628,-0.8890416501381236,0.18520644801151007,-0.47772548056992964,-1.4174131443022397,0.4927330404445136,-0.33999379374706146,1.1228094460594125,-1.604582327774619,0.39954000641743115,1.2245892054798442,0.8106367967390551,-0.2469972196847198,-0.2606353478580142,-0.10897443838461217,-0.325592827647796,0.8111673371994318,-0.32576144318235506,-1.033770942487169,0.8532215899496159,-0.005155507312803645,1.626336339055732,0.5991224585032194,1.7507653535839092,0.234380833882857,-1.869195221778652,-1.3143860642176175,0.33839399540901544,-1.3132864397630215,-0.4445928388819199,0.3103225013107881,0.15824919122394696,0.9660628579966783,-0.37019646571155196,0.7572727978110965,0.11460933079184085,-0.0013228236876901116,3.119909490492921,0.06791964531717919,0.2040961383000916,-1.2822406242083697,-0.44526182119570973,-1.91157718618628,1.904210378858952,-1.472146293209189,0.4641797001273567,-0.3785544112519138,-0.5002182729773488,2.011279351505174,0.2212080265256227,0.16581832315788647,1.2870536024224053,1.595603092684373,-0.5733224701900301,-0.5184721261220196,0.8093303594431185,-0.24783932604806813,0.17190488026627648,0.14943592187623198,1.312388618464994,-0.4892678103815407,0.6681973876662548,-0.4187717991458291,-0.08312737930957037,-0.5066856530915966,3.7605555944753712,0.1826853870283333,-1.1030539362993013,-0.6945198364984259,-0.5021764462634822,0.8727235192928108,0.36997365844418373,-0.05448191320555665,1.339214862741017,1.0923584079840891,-0.23427521403774032,0.2696827470176105,0.26058901788019556,-1.483985680517258,1.414863138302334,1.0981047503161265,-0.43220935395435456,1.1143810536219507,0.08198331170300828,2.177850983637262,0.3280305184695886,0.8785040966917523,0.5337109781203198,-0.00954850188602349,-0.39674967148416984,-0.9477525864400547,1.9412765304596593,-0.7676225411179224,-0.2711801507551609,-1.4870242371530555
